,company_reg_number,credit_report_agency,credit_report_date,credit_report_model,credit_report_requests_to_view_last_five_years,credit_report_total_indebtedness,liens_filed_and_open,liens_closed_last_five_years,missed_and_late_payments_last_five_years,filed_court_cases_last_five_years,payment_index,credit_report_negative_items,credit_report_good_standing_items,business_failure_score,credit_report_credit_score,ratio_debt_to_revenue
0,20000000,Experian,2021-11-23,FICO 8,6,7548.0,0,1,0,0,2,1,4,63,765,0.013963917296905295
1,20000001,Equifax,2021-01-29,FICO 8,5,28100.0,0,0,0,0,21,1,1,59,676,0.12149144803970738
2,20000002,Equifax,2021-04-13,FICO 8,6,15631.0,0,1,0,0,16,1,4,53,663,0.07689772224135387
3,20000003,Equifax,2021-09-25,FICO 4,3,0.0,0,0,0,0,2,0,3,93,0,0.0
4,20000004,Equifax,2021-08-13,FICO 9,0,75605.28,0,0,0,0,17,0,4,81,773,0.19319539736444685
5,20000005,TransUnion,2021-08-11,FICO 2,1,7122.0,0,0,3,1,27,8,5,7,486,0.05808519488145629
6,20000006,TransUnion,2021-07-10,FICO 4,3,6192.0,0,0,0,1,11,7,2,0,546,0.04216576210937766
7,20000007,Equifax,2021-05-18,FICO 8,5,169233.0,0,0,0,0,12,0,6,51,448,0.45578507945057906
8,20000008,Experian,2021-10-15,FICO 8,10,31874.0,0,0,1,0,24,4,4,77,732,0.14362574575079756
9,20000009,Experian,2021-11-10,FICO 8,5,1079.0,0,0,0,0,17,3,0,79,824,0.03596666666666667
10,20000010,Equifax,2021-01-08,FICO 8,2,58317.0,0,0,0,0,8,0,4,73,654,0.32068208937988374
11,20000011,TransUnion,2021-09-27,FICO 8,0,46510.0,0,0,0,0,9,0,3,95,760,0.2122213197784247
12,20000012,Experian,2021-06-19,FICO 8,1,11051.0,0,0,8,0,62,10,2,48,689,0.052085100767302
13,20000013,TransUnion,2020-12-16,FICO 8,0,104834.0,0,1,1,0,7,7,5,24,513,0.3610458668834076
14,20000014,Experian,2021-09-20,FICO 8,0,5787.0,0,0,0,0,13,0,1,82,833,0.046693077934757174
15,20000015,Experian,2021-03-11,FICO 8,3,4638.0,0,1,6,0,77,9,1,0,541,0.00322065888097728
16,20000016,Experian,2021-07-26,FICO 8,3,80340.2,0,0,0,0,0,0,0,73,467,0.510498424156161
17,20000017,TransUnion,2021-06-17,FICO 8,6,0.0,0,0,7,0,33,8,4,52,755,0.0
18,20000018,Equifax,2021-04-29,FICO 8,10,15028.0,0,1,0,1,30,2,2,34,678,0.07119946557760733
19,20000019,TransUnion,2021-02-09,FICO 8,4,49918.0,0,0,0,0,10,1,1,76,744,0.13895755389274897
20,20000020,Equifax,2021-05-26,VantageScore,7,27914.0,0,0,0,0,11,2,3,43,650,0.1283549833314174
21,20000021,Equifax,2021-06-08,FICO 5,3,0.0,0,0,0,0,6,3,5,72,0,0.0
22,20000022,Experian,2021-10-14,FICO 4,1,0.0,0,0,0,0,15,3,2,0,494,0.0
23,20000025,TransUnion,2021-10-05,FICO 8,3,2487.0,0,0,2,0,24,2,3,59,0,0.019468167549922893
24,20000026,TransUnion,2021-01-01,FICO 5,2,49710.0,0,0,1,0,26,3,2,57,643,0.2140670149041629
25,20000027,Experian,2021-03-22,FICO 8,1,149999.0,0,0,0,0,11,0,5,66,717,0.1353791363114535
26,20000028,Experian,2021-05-15,FICO 8,3,22844.0,0,0,0,1,4,1,3,61,720,0.13903919074370508
27,20000029,Equifax,2021-02-06,FICO 5,1,64020.0,0,1,0,0,18,2,2,25,542,0.18031364773213762
28,20000030,TransUnion,2021-04-07,FICO 8,1,0.0,0,0,1,1,19,4,6,70,733,0.0
29,20000031,Equifax,2021-06-26,FICO 4,5,24923.0,0,0,4,0,43,7,2,50,691,0.1307168631729115
30,20000032,Experian,2021-02-22,FICO 8,4,27548.0,0,0,0,0,8,4,4,76,769,0.15168935289194307
31,20000033,Experian,2021-09-25,FICO 4,2,18035.0,0,0,0,0,7,3,2,38,638,0.10898400439924343
32,20000034,TransUnion,2020-12-11,FICO 5,10,334342.0,1,1,8,0,46,11,1,48,0,0.24427865749098956
33,20000035,TransUnion,2021-05-29,FICO 8,3,41150.0,0,1,9,0,28,10,6,15,463,0.11732571500258031
34,20000036,Equifax,2021-01-22,FICO 4,6,11244.0,0,0,9,0,37,9,1,24,654,0.08885166102980688
35,20000037,Equifax,2021-03-28,FICO 8,11,9371.0,0,0,0,0,6,0,0,53,666,0.1201086886863793
36,20000038,Equifax,2021-02-10,FICO 8,5,0.0,0,1,6,0,64,7,4,0,534,0.0
37,20000039,Experian,2021-11-07,FICO 8,5,126653.0,0,0,0,1,1,2,3,83,0,0.34084438057407973
38,20000040,TransUnion,2021-03-09,FICO 4,3,17856.0,0,0,0,0,19,0,3,57,681,0.10476475454561456
39,20000041,Experian,2021-08-17,FICO 4,2,24543.0,0,1,0,1,19,2,4,85,0,0.11983243087529478
40,20000042,Equifax,2021-07-21,FICO 8,2,27478.0,0,1,0,0,14,1,1,71,744,0.11366099423380792
41,20000043,TransUnion,2021-01-31,FICO 5,3,68028.0,0,1,0,0,14,2,3,18,521,0.16014425883726624
42,20000044,Equifax,2021-07-19,VantageScore,5,45491.0,0,0,0,0,34,1,2,62,719,0.15829894144912204
43,20000046,Equifax,2021-04-24,FICO 8,7,0.0,0,0,0,0,8,2,2,51,730,0.0
44,20000047,TransUnion,2021-07-25,FICO 5,0,233050.0,0,0,0,0,4,0,4,74,728,0.2545267091951801
45,20000048,Experian,2021-04-01,FICO 8,8,0.0,0,0,0,0,17,3,1,72,814,0.0
46,20000049,TransUnion,2021-08-29,FICO 9,7,113698.0,0,0,0,0,5,2,1,86,817,0.09017410173276907
47,20000051,Experian,2021-01-01,VantageScore,10,68596.0,0,0,3,0,0,6,1,90,821,0.08851096774193548
48,20000052,Experian,2021-07-15,FICO 8,2,48402.0,0,0,0,0,11,0,3,67,736,0.1249809566845265
49,20000053,Experian,2021-07-24,FICO 9,8,574615.0,0,0,0,0,15,0,5,63,623,0.3917323854556957
50,20000054,Equifax,2021-03-02,FICO 9,5,14877.0,0,1,0,0,18,6,4,13,580,0.08304770623764919
51,20000055,TransUnion,2021-05-18,FICO 8,4,26175.0,0,1,0,0,10,3,4,56,700,0.15935490940970193
52,20000056,TransUnion,2021-07-22,FICO 8,3,0.0,0,1,0,0,21,1,2,44,665,0.0
53,20000057,TransUnion,2021-04-05,FICO 9,3,0.0,0,0,1,0,22,2,0,45,701,0.0
54,20000058,TransUnion,2020-12-26,FICO 8,4,42686.0,0,0,0,0,21,0,2,36,609,0.20977467626606383
55,20000060,Experian,2021-06-02,FICO 8,7,26794.0,0,0,0,0,20,0,2,35,643,0.14674085676418722
56,20000061,Experian,2021-09-30,FICO 8,0,5959.0,0,0,0,0,5,0,3,56,771,0.016013995786214902
57,20000063,Equifax,2020-12-20,FICO 5,0,18382.0,0,0,0,0,31,0,5,74,760,0.09156799354411274
58,20000064,TransUnion,2021-03-30,FICO 8,9,13732.0,0,0,7,0,71,7,2,57,699,0.11010792693683147
59,20000065,Experian,2021-10-11,FICO 2,5,116738.1,0,0,0,0,14,0,3,89,709,0.2771954694400912
60,20000066,Equifax,2021-01-04,FICO 8,4,53337.0,0,0,0,0,21,0,1,42,609,0.18751713906018183
61,20000067,TransUnion,2021-08-23,FICO 9,3,149794.0,0,0,0,0,21,0,3,46,603,0.11828808645957789
62,20000068,Experian,2021-05-03,FICO 2,12,38581.0,0,0,11,1,55,13,1,29,808,0.19379451683226007
63,20000069,Equifax,2021-12-02,FICO 2,6,108961.0,0,0,0,0,13,1,3,63,0,0.22487560340860074
64,20000070,Experian,2020-12-08,FICO 2,7,7903.0,0,1,0,0,12,1,2,80,749,0.06317144136078783
65,20000072,Experian,2021-01-16,FICO 9,0,0.0,0,0,2,0,14,2,0,42,703,0.0
66,20000073,TransUnion,2021-10-18,FICO 8,2,21003.0,0,0,0,0,16,1,2,80,746,0.12634599420094567
67,20000074,Equifax,2021-05-13,FICO 9,6,149336.0,0,0,0,0,14,0,0,75,756,0.13701279517625709
68,20000075,Equifax,2021-05-02,FICO 5,4,26241.0,0,1,3,0,18,4,5,97,0,0.14561668312930756
69,20000077,Experian,2021-06-10,FICO 2,6,245302.61,0,1,3,0,14,4,3,75,759,0.16596569627721186
70,20000078,TransUnion,2021-05-21,FICO 8,6,0.0,0,1,0,0,21,2,2,95,807,0.0
71,20000079,Experian,2020-12-28,FICO 8,2,29954.0,0,0,1,0,20,1,4,16,398,0.05722659085872364
72,20000080,Equifax,2021-04-19,FICO 8,4,24240.0,0,0,5,0,13,5,1,51,666,0.13892630143110138
73,20000081,Equifax,2021-08-22,FICO 8,0,65946.0,0,0,0,0,12,2,0,0,468,0.2616676321908405
74,20000082,TransUnion,2021-05-03,FICO 5,6,30775.0,0,1,5,1,42,7,0,44,637,0.17445650633485446
75,20000083,Experian,2021-10-07,FICO 9,7,15904.0,0,0,0,0,15,0,3,80,763,0.19193126003161845
76,20000084,Experian,2021-03-03,FICO 8,8,3956.0,0,1,0,0,21,1,1,60,754,0.037814483444215036
77,20000085,TransUnion,2021-06-19,VantageScore,0,7742.0,0,0,1,0,7,1,2,67,0,0.008765672801052515
78,20000086,Equifax,2021-01-26,FICO 8,3,16791.0,0,0,0,0,15,0,0,80,772,0.10733051226652689
79,20000087,Equifax,2021-06-13,FICO 5,7,5983.0,0,0,0,0,19,5,2,17,515,0.05146135452684454
80,20000088,Experian,2021-02-01,FICO 2,5,177336.0,0,0,0,0,23,1,7,82,759,0.1832970017953878
81,20000089,Experian,2021-05-21,FICO 4,10,2074.0,0,0,0,0,16,1,2,51,666,0.017577611851751405
82,20000090,TransUnion,2021-11-21,FICO 5,0,74089.0,0,1,1,0,18,3,5,66,764,0.06542306130017837
83,20000091,Equifax,2021-01-16,FICO 8,0,31785.0,0,1,7,0,71,11,2,17,549,0.2325011520821599
84,20000092,Experian,2021-08-16,FICO 8,3,0.0,0,0,2,1,5,3,3,51,691,0.0
85,20000093,Equifax,2021-11-23,FICO 8,2,15807.0,0,0,0,0,16,0,0,79,0,0.09428627668521733
86,20000094,TransUnion,2021-04-23,FICO 5,2,35252.0,0,0,0,0,24,4,0,10,567,0.28018916663354926
87,20000095,Equifax,2021-06-18,FICO 8,6,20751.0,0,0,4,0,69,4,6,0,532,0.0997802535979266
88,20000096,Equifax,2021-07-16,FICO 8,7,23203.0,0,0,0,0,17,0,3,39,592,0.08298878365618473
89,20000098,Equifax,2021-03-05,FICO 9,0,10281.0,0,0,3,0,19,3,2,26,459,0.19900892355935812
90,20000099,TransUnion,2021-02-07,FICO 8,5,150841.0,0,0,0,1,16,6,6,88,623,0.46994332927281396
91,20000100,TransUnion,2020-12-31,FICO 5,6,191227.0,0,0,0,0,15,1,5,89,763,0.1668663486298734
92,20000101,TransUnion,2021-04-25,FICO 5,2,906.0,0,0,0,0,25,4,2,69,0,0.0302
93,20000102,TransUnion,2021-12-06,FICO 8,8,6338.0,0,0,9,1,62,14,0,0,552,0.032866795617069164
94,20000103,Experian,2021-07-16,FICO 5,1,50800.0,0,0,0,0,11,3,3,83,763,0.17703185876481944
95,20000104,TransUnion,2021-10-20,FICO 5,6,1001268.0,0,0,0,0,9,0,5,76,568,0.5204560906692283
96,20000105,TransUnion,2021-11-19,FICO 9,0,49246.0,0,0,0,0,20,0,0,30,486,0.19365697320041683
97,20000106,Equifax,2021-06-16,FICO 8,3,628.0,0,0,6,0,65,7,0,10,457,0.020933333333333335
98,20000107,TransUnion,2021-02-06,FICO 8,7,0.0,0,0,0,0,22,1,4,94,0,0.0
99,20000108,TransUnion,2021-08-01,FICO 8,4,3150.0,0,1,0,0,20,4,5,88,793,0.014963588601070728
100,20000109,Experian,2020-12-20,FICO 8,5,325498.0,0,0,3,0,13,4,4,55,638,0.26829087360331283
101,20000110,Equifax,2021-03-26,VantageScore,6,99250.0,0,1,0,0,11,1,3,56,637,0.25225504573631785
102,20000111,TransUnion,2021-01-10,FICO 2,1,18864.0,0,0,0,0,3,0,1,44,611,0.15625724793744408
103,20000112,Experian,2021-04-29,FICO 9,5,436352.94,0,0,1,0,21,1,2,71,595,0.36409409726799846
104,20000113,TransUnion,2021-06-06,FICO 8,8,1617.0,0,0,0,0,15,1,1,77,790,0.03513842409491938
105,20000114,Equifax,2021-08-14,FICO 8,6,35909.0,0,0,6,0,48,9,1,13,561,0.10625536321941116
106,20000115,Experian,2021-08-10,FICO 8,2,10933.0,0,1,3,1,22,5,2,80,830,0.051596796496344854
107,20000116,Equifax,2021-11-15,FICO 8,5,0.0,0,0,0,0,18,0,5,78,0,0.0
108,20000117,Equifax,2021-04-01,VantageScore,2,15477.0,0,0,0,0,18,0,5,84,758,0.1793519827566227
109,20000118,Experian,2021-04-19,FICO 4,3,173740.0,0,0,1,0,19,2,2,89,496,0.657625296658125
110,20000119,Experian,2021-04-02,FICO 8,6,19802.0,0,0,9,0,55,12,3,76,735,0.15603921074197818
111,20000120,Equifax,2021-11-10,FICO 8,5,7318.0,0,0,0,0,14,0,3,12,426,0.06495823606167393
112,20000121,Equifax,2021-06-18,FICO 5,3,115423.19,0,0,10,0,70,11,3,0,493,0.33414930635972023
113,20000122,Experian,2021-10-08,FICO 8,0,482767.86,0,0,0,0,8,0,3,42,546,0.5065302049758259
114,20000123,Equifax,2021-04-24,FICO 2,11,151030.0,0,0,0,0,26,0,5,74,752,0.1418095434827515
115,20000124,TransUnion,2021-05-16,VantageScore,3,21271.0,0,0,0,0,10,0,2,80,691,0.1153706385494465
116,20000125,Experian,2021-04-12,FICO 8,7,39308.0,0,0,0,1,9,1,3,72,762,0.13531758736191293
117,20000126,TransUnion,2021-03-12,FICO 2,4,73593.0,0,0,0,0,21,0,5,70,691,0.20147672393968263
118,20000127,Experian,2021-03-12,FICO 5,4,10141.0,0,0,3,0,17,5,5,50,663,0.07070397200008366
119,20000128,Experian,2021-11-16,FICO 8,3,33355.0,0,0,1,0,9,4,3,36,586,0.2890506521079769
120,20000130,Experian,2021-08-30,FICO 5,5,36449.0,0,1,3,1,18,5,3,83,750,0.1053271878747598
121,20000131,Equifax,2021-01-05,FICO 8,10,1143867.35,0,1,0,0,22,4,2,40,562,0.7326312003863413
122,20000132,Equifax,2021-06-30,FICO 8,4,69208.0,0,0,5,0,54,5,4,0,542,0.07650183826374166
123,20000134,Experian,2021-06-25,FICO 5,3,214352.0,0,0,1,0,18,4,0,58,717,0.1580554822287864
124,20000135,TransUnion,2021-08-22,FICO 4,8,35095.0,0,0,0,0,30,3,1,66,672,0.1532358771493193
125,20000136,Equifax,2021-01-01,FICO 2,2,30035.0,0,1,3,1,18,5,0,40,627,0.08972260226912897
126,20000137,TransUnion,2021-05-05,FICO 4,7,13986.0,0,0,1,0,17,1,2,68,781,0.015854662195710877
127,20000138,Equifax,2021-07-21,FICO 8,2,16823.0,0,0,0,0,27,2,1,11,490,0.09964284233532544
128,20000139,Equifax,2021-08-04,FICO 4,8,197.0,0,0,3,1,5,4,0,71,793,0.0017652487925519046
129,20000140,TransUnion,2021-08-09,FICO 4,1,55845.0,0,0,2,0,19,2,3,6,572,0.2603739276389407
130,20000141,Experian,2021-04-30,FICO 2,1,6303.0,0,0,0,0,12,1,0,42,0,0.03847539052246687
131,20000142,TransUnion,2021-02-26,FICO 8,9,21766.0,0,1,4,0,42,5,4,67,672,0.2567593073184542
132,20000143,Experian,2021-10-08,FICO 5,7,29869.0,0,0,4,0,79,4,5,40,650,0.14435884547721692
133,20000144,Experian,2021-09-07,VantageScore,6,12582.0,0,0,0,0,17,0,6,63,700,0.032861642612006955
134,20000146,Experian,2021-03-24,FICO 5,3,0.0,0,0,0,0,17,1,1,65,763,0.0
135,20000147,Experian,2021-09-09,FICO 8,4,26907.0,0,0,6,0,42,6,2,45,670,0.09230911735646065
136,20000148,Equifax,2021-03-28,FICO 8,5,8322.0,0,0,3,1,19,4,5,43,726,0.06547291237235063
137,20000149,Equifax,2021-02-03,FICO 8,5,11927.0,0,0,0,0,23,0,1,0,543,0.056804976091139436
138,20000150,Equifax,2021-08-15,FICO 8,3,119566.0,0,0,0,0,28,1,3,98,800,0.19220728280509528
139,20000152,Experian,2021-11-29,FICO 4,2,11316.0,0,0,0,0,2,0,2,79,798,0.04832324819684592
140,20000153,Experian,2021-01-09,VantageScore,8,214681.0,0,0,0,0,6,0,2,82,785,0.06471768893690809
141,20000155,Equifax,2021-05-01,FICO 4,5,41728.0,0,1,0,1,20,3,1,82,799,0.018239723326896162
142,20000156,TransUnion,2021-05-26,FICO 8,5,134717.0,0,0,0,0,15,2,4,31,665,0.08038165429271579
143,20000157,Equifax,2021-04-01,FICO 5,5,10843.0,0,0,0,0,0,1,4,87,0,0.05501435863090708
144,20000158,TransUnion,2021-03-17,FICO 5,10,24385.0,0,0,0,0,13,0,3,73,0,0.06620979150092723
145,20000159,Equifax,2021-11-25,FICO 8,3,68963.0,0,0,0,0,7,0,3,75,689,0.23079832129637687
146,20000160,Experian,2021-07-17,FICO 8,2,24820.0,0,0,0,0,26,0,0,55,0,0.024976502766333848
147,20000161,Equifax,2021-09-05,FICO 4,4,8804.0,0,0,0,0,11,1,0,51,703,0.04778342234379749
148,20000162,TransUnion,2021-03-03,FICO 8,1,20470.0,0,0,1,0,1,1,0,59,720,0.19108339712114705
149,20000163,TransUnion,2021-04-02,FICO 8,10,25254.0,0,0,0,0,0,3,1,43,725,0.06844681508464379
150,20000164,TransUnion,2021-04-05,FICO 5,4,87245.0,0,1,0,0,5,1,2,63,705,0.14829590169925397
151,20000165,TransUnion,2021-12-01,FICO 8,4,8808.0,0,0,0,0,18,0,0,93,791,0.05708027399568399
152,20000167,Equifax,2021-03-15,FICO 5,2,27894.0,0,0,0,0,28,3,0,32,625,0.18888392313005323
153,20000168,Equifax,2021-02-20,FICO 8,2,37051.0,0,0,0,0,13,3,2,41,654,0.09896867011600792
154,20000170,Experian,2021-04-19,FICO 4,9,39124.0,0,0,10,0,69,11,3,0,499,0.10560154607314157
155,20000171,Equifax,2021-09-04,FICO 9,5,15184.0,0,0,0,0,10,1,3,90,0,0.05068124620324568
156,20000172,Experian,2021-04-11,FICO 5,8,727651.0,0,0,0,0,7,0,2,90,0,0.2118101806140318
157,20000174,TransUnion,2020-12-25,FICO 8,4,45449.0,0,0,0,0,13,1,4,10,566,0.12743984678841716
158,20000175,Equifax,2021-01-23,FICO 9,6,0.0,0,0,0,0,11,0,0,51,674,0.0
159,20000176,Equifax,2021-10-23,FICO 8,2,14609.0,0,1,4,0,57,5,7,62,683,0.1824915993154535
160,20000177,Equifax,2021-10-25,FICO 8,5,15531.0,0,0,0,0,19,0,3,65,706,0.22227469838134903
161,20000178,TransUnion,2021-08-16,FICO 9,2,8345.0,0,0,0,0,8,0,3,87,790,0.02267792455547735
162,20000179,TransUnion,2021-02-07,FICO 5,1,10645.0,0,0,1,0,20,1,3,16,565,0.06537171913189796
163,20000180,Experian,2021-10-01,FICO 9,4,18448.0,0,0,2,0,11,4,4,68,758,0.04804391872535692
164,20000181,TransUnion,2021-11-14,FICO 8,2,170805.0,0,0,0,0,33,2,4,21,491,0.10789710404564394
165,20000182,TransUnion,2021-07-24,FICO 5,3,0.0,0,0,5,0,61,9,0,41,707,0.0
166,20000183,Experian,2021-02-15,FICO 8,2,6559.0,0,0,0,0,1,4,0,58,0,0.0465322511989557
167,20000184,TransUnion,2021-10-01,FICO 5,7,0.0,0,0,0,0,14,0,0,52,0,0.0
168,20000185,TransUnion,2021-04-09,FICO 8,4,96888.0,0,1,2,0,13,3,4,54,714,0.07245533611025942
169,20000186,TransUnion,2021-02-15,FICO 8,4,133320.0,0,0,7,0,41,12,0,0,562,0.1524779380481177
170,20000187,Equifax,2021-11-01,FICO 8,4,810300.0,0,0,5,0,72,5,1,0,472,0.5878550581434575
171,20000188,Experian,2021-09-23,VantageScore,8,165482.0,0,1,0,0,2,3,1,58,0,0.1038688611847234
172,20000191,TransUnion,2021-08-08,FICO 8,3,539514.21,0,0,5,0,54,10,4,29,572,0.48088645674007674
173,20000192,TransUnion,2021-03-19,FICO 4,3,136865.0,0,0,0,0,0,2,1,81,743,0.10123645089183347
174,20000194,TransUnion,2021-11-10,FICO 2,0,35979.0,0,0,0,0,0,2,0,65,735,0.09942823033280919
175,20000195,Equifax,2021-02-18,FICO 8,4,7569.0,0,0,0,0,19,3,3,25,620,0.058357298710110174
176,20000196,TransUnion,2021-06-24,FICO 2,0,87847.0,0,1,0,1,19,4,2,64,538,0.5053208623823658
177,20000197,Equifax,2021-08-30,FICO 8,5,12142.0,0,0,0,1,24,3,2,81,0,0.0628146032829968
178,20000198,TransUnion,2021-01-25,FICO 8,8,0.0,0,0,0,0,22,1,6,98,831,0.0
179,20000199,Equifax,2021-09-30,FICO 2,2,59071.0,0,1,0,0,18,2,2,43,657,0.13865422938706337
180,20000200,TransUnion,2021-01-09,FICO 5,7,0.0,0,1,5,0,57,6,0,0,434,0.0
181,20000202,TransUnion,2021-01-01,VantageScore,3,10679.0,0,0,0,0,4,2,4,51,702,0.07929224303714759
182,20000203,Experian,2021-10-22,FICO 8,7,17011.0,0,0,4,0,34,5,1,0,538,0.1356668899735222
183,20000204,TransUnion,2021-01-09,FICO 9,4,145645.0,0,0,2,0,10,6,5,22,583,0.1725890911417815
184,20000205,TransUnion,2021-11-29,FICO 2,1,0.0,0,0,0,0,17,2,3,91,844,0.0
185,20000206,TransUnion,2021-01-18,FICO 5,2,7702.0,0,0,1,0,4,1,2,86,0,0.04842502357749136
186,20000207,TransUnion,2021-08-11,VantageScore,2,279421.22,0,1,1,0,14,2,4,34,544,0.18810948837296976
187,20000208,Experian,2021-03-22,FICO 8,1,41952.0,0,0,2,0,28,4,7,41,640,0.2153947260330239
188,20000209,Equifax,2021-08-10,FICO 8,6,103974.0,0,0,0,0,13,1,1,54,648,0.2916816284393375
189,20000210,Experian,2021-02-21,FICO 8,2,24698.0,0,0,0,0,20,3,4,62,706,0.12625433874686257
190,20000211,Experian,2021-10-03,FICO 9,3,36246.0,0,0,5,0,73,6,4,3,485,0.1720755791872389
191,20000212,Equifax,2021-10-28,FICO 5,5,102854.0,0,0,0,0,6,1,3,97,676,0.3076973703892063
192,20000213,Experian,2021-08-08,FICO 5,5,31611.0,0,0,0,0,12,0,3,74,0,0.03782935086600265
193,20000214,TransUnion,2021-04-27,FICO 8,3,10686.0,0,0,5,0,95,5,2,20,366,0.07643011429470582
194,20000216,Equifax,2021-05-02,FICO 8,3,103801.0,0,0,0,0,11,0,0,58,633,0.2802062384429537
195,20000217,Experian,2021-10-31,FICO 8,9,22936.0,0,1,0,0,15,5,5,55,706,0.08204027613835534
196,20000218,Experian,2021-02-03,FICO 5,6,67860.0,0,0,0,1,24,1,0,74,673,0.1802768708440815
197,20000219,TransUnion,2020-12-28,FICO 8,2,19811.0,0,1,0,0,25,3,1,55,672,0.058272103160829945
198,20000220,Equifax,2021-01-28,FICO 5,2,0.0,0,0,0,0,25,1,3,75,822,0.0
199,20000221,TransUnion,2021-07-23,FICO 9,3,123026.0,0,0,0,0,4,1,0,53,609,0.2288447086659871
200,20000222,Equifax,2021-11-23,FICO 9,0,40086.0,0,0,0,1,10,3,2,30,546,0.23212290017545587
201,20000223,TransUnion,2021-03-10,FICO 8,5,537436.46,0,1,3,1,9,5,3,70,568,0.6794384077896235
202,20000224,TransUnion,2021-05-25,FICO 2,3,31973.0,0,0,0,0,22,2,5,72,681,0.16150508412933337
203,20000225,Experian,2021-03-10,FICO 8,10,0.0,0,0,3,0,25,4,3,54,0,0.0
204,20000226,Equifax,2021-11-11,FICO 5,3,28556.0,0,1,3,0,16,7,0,22,516,0.19031497007584341
205,20000227,Equifax,2021-11-25,FICO 8,3,50819.0,0,0,0,0,21,0,3,84,807,0.12236607970566069
206,20000228,Equifax,2021-03-30,VantageScore,3,0.0,0,0,6,0,30,6,2,52,727,0.0
207,20000229,Equifax,2021-05-20,FICO 2,0,45200.0,0,0,1,0,33,1,4,47,711,0.09132272481149535
208,20000230,Equifax,2021-09-25,FICO 8,7,14278.0,0,0,0,0,4,1,4,23,552,0.07375419057901017
209,20000231,Experian,2021-01-28,FICO 8,0,22561.0,0,0,7,0,40,8,1,0,514,0.02793011837586628
210,20000232,Experian,2020-12-21,FICO 8,6,11454.0,0,0,7,0,50,9,2,11,576,0.056015806101389884
211,20000233,Equifax,2021-02-19,FICO 8,1,56281.0,0,0,5,0,73,5,1,0,510,0.14847204195553304
212,20000234,Equifax,2021-02-08,FICO 5,0,21535.0,0,0,9,0,65,14,5,0,423,0.08134826197653423
213,20000235,TransUnion,2021-07-26,FICO 8,8,46292.0,0,1,5,0,97,7,4,50,659,0.16019545146242542
214,20000236,Experian,2021-09-02,VantageScore,1,0.0,0,0,0,0,16,1,4,79,830,0.0
215,20000238,Experian,2021-08-20,VantageScore,0,99413.0,0,0,0,1,0,1,7,95,797,0.05153493367948115
216,20000239,Equifax,2021-06-01,FICO 8,6,41456.0,0,1,3,0,6,4,3,82,0,0.2677966977597478
217,20000240,Equifax,2021-11-21,VantageScore,0,9879.0,0,1,7,0,96,8,1,31,636,0.04752100900970239
218,20000241,TransUnion,2021-12-05,VantageScore,2,84211.89,0,1,0,1,8,2,4,70,582,0.5070409127856218
219,20000242,TransUnion,2021-11-19,FICO 8,3,80623.0,0,1,5,0,72,6,6,0,528,0.2629745483249125
220,20000243,TransUnion,2021-01-01,FICO 2,4,3216.0,0,0,3,0,26,3,5,37,633,0.014978970754677435
221,20000244,Experian,2020-12-23,FICO 9,1,45313.0,0,0,0,0,8,0,2,92,809,0.11557669744426874
222,20000245,Equifax,2021-02-07,FICO 8,3,85683.0,0,0,0,0,10,1,5,94,787,0.1538838691601877
223,20000246,TransUnion,2021-12-03,FICO 4,4,19012.0,0,0,1,0,12,2,1,91,805,0.21393286747909845
224,20000247,Experian,2020-12-28,FICO 9,9,532.0,0,0,5,0,90,9,5,0,588,0.0029868846568451312
225,20000248,Experian,2020-12-14,FICO 5,5,11703.0,0,0,5,0,44,5,4,25,565,0.13699095155041027
226,20000249,Equifax,2021-05-08,FICO 8,10,0.0,0,0,0,0,5,1,0,51,685,0.0
227,20000251,TransUnion,2021-09-22,FICO 5,7,422.0,0,1,1,0,13,3,2,58,0,0.014066666666666667
228,20000252,TransUnion,2021-10-15,FICO 5,6,13058.0,0,1,0,0,11,1,6,87,808,0.09122664840922746
229,20000253,TransUnion,2021-01-07,FICO 4,5,226239.0,0,0,0,0,12,0,1,76,780,0.18241535314507423
230,20000254,TransUnion,2021-03-09,VantageScore,4,4362.0,0,0,10,0,68,13,5,0,467,0.07669180863969619
231,20000255,TransUnion,2021-06-18,FICO 4,6,8155.0,0,0,0,0,15,2,0,0,526,0.03763840363322518
232,20000256,Equifax,2021-08-19,FICO 8,5,21722.0,0,0,0,0,25,0,6,65,700,0.11727042055822491
233,20000257,Experian,2021-04-16,FICO 8,4,18359.0,0,1,1,0,17,2,0,60,669,0.1133460515024109
234,20000258,TransUnion,2020-12-26,FICO 4,3,15396.0,0,0,0,0,13,1,4,74,795,0.10119360605741928
235,20000259,Equifax,2021-09-03,FICO 8,2,47762.0,0,0,0,0,14,0,3,65,766,0.04954286793063459
236,20000260,Experian,2021-10-12,VantageScore,7,992.0,0,0,8,0,81,9,3,11,557,0.0053945880100931005
237,20000261,Experian,2021-09-06,FICO 9,0,221565.0,0,0,0,1,17,1,2,68,710,0.2436448249735808
238,20000262,TransUnion,2021-12-06,FICO 9,6,72710.0,0,0,0,0,14,0,4,79,690,0.27945285506193623
239,20000263,Experian,2021-03-30,FICO 8,1,23737.0,0,0,3,0,3,3,5,58,715,0.1758413523864554
240,20000264,TransUnion,2021-05-16,FICO 8,6,92711.0,0,0,4,1,33,5,6,69,722,0.23847997983321242
241,20000265,TransUnion,2021-11-09,FICO 8,3,20034.0,0,0,0,1,5,3,2,28,623,0.1308411214953271
242,20000266,TransUnion,2020-12-25,FICO 8,5,52694.0,0,0,0,0,12,0,0,49,722,0.1250032618416714
243,20000267,TransUnion,2021-12-04,FICO 9,7,86635.0,0,0,4,0,59,7,7,0,586,0.2509769953446063
244,20000268,TransUnion,2021-02-17,FICO 8,3,0.0,0,0,6,0,0,8,3,60,778,0.0
245,20000269,TransUnion,2021-05-27,FICO 4,3,22260.0,0,0,0,0,11,4,3,12,533,0.15585724988272198
246,20000270,Experian,2021-10-16,FICO 2,0,26853.0,0,0,9,0,68,9,1,16,475,0.0833105818989588
247,20000271,TransUnion,2021-10-12,VantageScore,3,0.0,0,0,0,0,5,0,4,19,582,0.0
248,20000272,Experian,2021-02-16,FICO 9,0,30281.0,0,0,0,0,25,3,1,62,0,0.07645076183142507
249,20000273,Experian,2021-01-07,VantageScore,2,14316.0,0,0,0,0,0,0,1,81,834,0.05676087163383766
250,20000274,Experian,2021-10-07,FICO 8,10,139608.0,0,0,0,0,6,2,7,65,0,0.11469583520237397
251,20000275,Experian,2021-05-20,FICO 4,8,35106.0,0,1,2,0,9,4,5,85,761,0.17665440528966875
252,20000276,Experian,2021-09-20,FICO 8,2,64981.0,0,0,0,0,11,3,2,33,568,0.30319049663126857
253,20000278,Experian,2021-05-15,VantageScore,2,0.0,0,0,0,0,11,0,3,58,697,0.0
254,20000279,Experian,2021-02-20,FICO 4,1,59026.0,0,0,2,0,2,4,3,62,661,0.29103083074890174
255,20000281,Equifax,2021-11-11,VantageScore,0,0.0,0,0,5,0,76,5,1,4,377,0.0
256,20000282,TransUnion,2021-03-17,FICO 8,5,93205.0,0,0,1,0,10,1,6,97,787,0.15226713934473096
257,20000283,Experian,2021-03-20,FICO 8,7,2003.0,0,0,0,0,17,5,6,58,800,0.0063250168151345685
258,20000284,Equifax,2021-04-26,VantageScore,4,235665.0,0,0,0,0,5,0,3,93,725,0.2172556271756446
259,20000285,TransUnion,2021-03-21,FICO 9,1,20500.0,0,1,9,0,61,11,4,4,500,0.15806558565227113
260,20000286,Experian,2021-04-20,FICO 8,0,148877.0,0,0,0,0,22,0,3,59,0,0.16895128480690164
261,20000288,Experian,2021-08-07,FICO 5,0,25362.0,0,0,0,0,22,0,2,33,652,0.11912355275827247
262,20000289,Equifax,2021-02-10,VantageScore,5,60361.0,0,0,0,0,5,0,1,83,759,0.2020864511247485
263,20000290,Experian,2021-09-09,FICO 8,9,19032.0,0,1,0,1,22,6,2,48,736,0.10508530727182375
264,20000292,Experian,2021-05-05,FICO 5,6,126.0,0,0,1,0,14,1,0,89,833,0.0042
265,20000293,Equifax,2021-09-21,VantageScore,4,239580.96,0,0,6,0,47,10,3,23,601,0.4218256855212144
266,20000294,Equifax,2021-10-04,FICO 4,2,87014.0,0,0,0,0,3,0,1,93,544,0.5739255467904916
267,20000295,Equifax,2021-10-25,FICO 9,4,92827.0,0,0,0,0,4,0,5,85,791,0.26871093896999015
268,20000296,Equifax,2021-08-28,FICO 4,5,0.0,0,1,0,0,20,4,3,66,0,0.0
269,20000297,Experian,2021-03-05,FICO 4,7,41427.0,0,0,0,0,8,3,1,73,743,0.14373295584653495
270,20000298,TransUnion,2021-02-20,FICO 8,5,6998.0,0,0,0,0,13,0,1,82,816,0.03273167788436803
271,20000299,Experian,2021-01-07,FICO 9,8,39076.0,0,0,0,1,15,3,1,39,658,0.25524521202936795
272,20000300,TransUnion,2021-05-08,FICO 8,12,328001.0,0,0,0,0,88,1,4,0,436,0.2791956466040805
273,20000301,TransUnion,2021-09-17,FICO 8,2,173461.0,0,1,4,0,78,5,4,1,560,0.09930834933024787
274,20000302,TransUnion,2021-01-26,FICO 9,1,565.0,0,0,0,0,0,0,0,75,0,0.018833333333333334
275,20000303,TransUnion,2021-09-25,FICO 8,7,33320.0,0,0,3,0,3,7,3,29,650,0.11054232755960892
276,20000304,Equifax,2021-05-27,FICO 8,8,0.0,0,0,0,0,0,3,3,61,755,0.0
277,20000305,TransUnion,2021-08-26,FICO 8,5,8212.0,0,1,2,0,10,6,2,68,755,0.04525390571184526
278,20000306,Experian,2021-09-22,FICO 8,4,33376.0,0,0,4,0,52,6,0,0,508,0.09202755091349256
279,20000307,Equifax,2021-03-31,VantageScore,9,11981.0,0,0,3,0,22,8,6,59,739,0.015713240250866255
280,20000309,Equifax,2020-12-31,FICO 8,1,13882.0,0,0,2,0,6,2,2,79,0,0.08735982278831511
281,20000311,TransUnion,2021-03-25,VantageScore,4,56275.0,0,0,0,0,8,0,0,33,531,0.3875368426851775
282,20000312,TransUnion,2021-01-07,FICO 5,3,223403.98,0,1,4,0,53,6,6,33,402,0.700831257646579
283,20000313,Experian,2021-12-05,FICO 8,3,0.0,0,0,0,0,15,0,1,85,805,0.0
284,20000314,TransUnion,2021-10-12,FICO 8,5,44241.0,0,1,9,0,69,12,2,51,591,0.2462991933104335
285,20000315,Experian,2021-01-02,FICO 8,4,3045.0,0,0,10,0,53,12,2,0,534,0.1015
286,20000316,TransUnion,2021-08-02,FICO 4,6,11429.0,0,0,5,1,76,7,6,36,581,0.1259074835028037
287,20000317,Experian,2021-11-19,FICO 9,7,11468.0,0,0,6,0,83,6,0,28,672,0.06095946843853821
288,20000318,TransUnion,2021-11-19,VantageScore,1,3512.0,0,0,1,0,21,3,6,83,794,0.018272442534416917
289,20000319,Experian,2021-01-17,FICO 8,2,79150.0,0,0,0,0,14,0,0,75,677,0.20053001743078358
290,20000320,TransUnion,2021-02-23,FICO 5,4,1434.0,0,0,0,0,22,0,1,78,782,0.0478
291,20000321,Equifax,2021-06-20,FICO 9,1,51477.0,0,0,0,0,16,2,4,69,634,0.2919471651457836
292,20000322,Equifax,2021-11-20,VantageScore,1,0.0,0,0,0,0,5,3,2,87,841,0.0
293,20000323,TransUnion,2021-09-27,FICO 9,6,345.0,0,1,0,0,20,1,2,38,667,0.0032001632547051678
294,20000324,TransUnion,2021-05-14,FICO 8,4,328659.0,0,0,0,0,17,0,0,58,625,0.3445814181708381
295,20000325,Equifax,2021-05-03,FICO 9,2,17766.0,0,1,0,0,18,1,2,59,710,0.1259660517023781
296,20000326,TransUnion,2021-08-14,FICO 8,5,2113.0,0,0,0,0,27,1,2,69,0,0.07043333333333333
297,20000327,Equifax,2021-09-14,FICO 5,5,152338.0,0,0,0,0,11,0,2,63,693,0.17192585670625732
298,20000329,TransUnion,2021-08-21,FICO 8,7,9810.0,0,0,0,0,3,1,3,88,801,0.02665623242278252
299,20000330,Equifax,2021-11-11,FICO 8,3,89128.0,0,0,7,0,58,13,2,14,588,0.22766005272084516
300,20000331,TransUnion,2021-02-24,FICO 4,2,625441.23,0,1,0,0,23,1,2,98,490,0.5841854680601258
301,20000332,Experian,2021-05-27,FICO 5,4,1880.0,0,1,0,0,20,1,3,55,740,0.010265370754613956
302,20000333,Experian,2021-06-06,FICO 5,6,682.0,0,0,0,0,17,0,0,80,0,0.022733333333333335
303,20000334,Equifax,2021-04-26,FICO 5,9,460574.0,0,1,4,0,64,7,6,3,377,0.17838927775763716
304,20000335,Equifax,2021-03-26,FICO 2,8,338901.0,0,1,2,0,12,5,0,78,691,0.30615524708254516
305,20000336,TransUnion,2021-01-16,FICO 5,8,9190.0,0,1,0,0,20,3,4,68,0,0.08102413090819323
306,20000337,Equifax,2021-09-06,FICO 2,3,0.0,0,0,0,0,16,0,5,43,691,0.0
307,20000338,Experian,2021-05-15,VantageScore,5,36424.0,0,0,1,0,15,2,6,75,724,0.13203799028492713
308,20000339,TransUnion,2021-12-08,FICO 9,4,1135.0,0,0,1,1,30,2,5,81,809,0.03783333333333333
309,20000340,TransUnion,2021-02-04,FICO 5,0,34032.0,0,0,0,0,9,0,3,63,0,0.18554542678937497
310,20000341,Experian,2021-08-24,FICO 5,4,16937.0,0,0,0,0,38,0,2,74,0,0.05933168221450766
311,20000342,Experian,2021-09-15,FICO 8,6,19616.0,0,0,0,0,33,3,2,60,809,0.051121141677699135
312,20000343,Equifax,2021-06-26,FICO 4,7,356047.0,0,0,0,0,17,2,2,51,544,1.3381905241556606
313,20000344,Experian,2021-08-02,FICO 9,6,0.0,0,0,4,0,45,5,2,61,794,0.0
314,20000345,Equifax,2021-03-31,FICO 4,1,0.0,0,1,4,0,64,5,0,0,501,0.0
315,20000346,TransUnion,2021-06-11,FICO 8,10,0.0,0,0,0,0,16,0,4,54,752,0.0
316,20000347,Equifax,2021-04-15,FICO 8,4,0.0,0,1,0,0,3,2,5,68,787,0.0
317,20000348,Equifax,2021-06-21,FICO 8,1,60733.0,0,0,0,0,21,2,3,34,619,0.1871010474430068
318,20000349,Equifax,2021-10-07,FICO 2,0,23637.0,0,0,8,0,52,10,4,42,657,0.15392279440493867
319,20000350,TransUnion,2021-09-15,FICO 4,1,126666.0,0,0,0,0,12,0,5,86,758,0.17743541900427387
320,20000351,Equifax,2021-01-08,FICO 8,5,16775.0,0,1,0,0,15,4,5,91,0,0.09728190585547185
321,20000353,TransUnion,2021-11-23,FICO 5,2,203768.0,0,0,5,0,41,5,2,25,512,0.19181269814972401
322,20000354,TransUnion,2021-08-01,FICO 4,4,452737.6,0,0,0,0,13,2,0,21,538,0.3171013169082843
323,20000355,TransUnion,2021-04-08,FICO 8,5,2210.0,0,0,1,1,25,2,2,56,782,0.02080685402250153
324,20000356,Experian,2020-12-20,FICO 8,5,45813.0,0,1,5,0,54,6,5,0,573,0.1154314222003855
325,20000357,Experian,2021-03-02,FICO 8,2,190191.0,0,0,2,0,17,2,2,29,660,0.1672711697750791
326,20000358,Equifax,2021-04-25,FICO 9,0,0.0,0,0,4,0,32,6,0,0,486,0.0
327,20000359,TransUnion,2021-11-15,FICO 9,3,0.0,0,0,0,0,10,0,0,63,791,0.0
328,20000360,TransUnion,2021-06-20,FICO 8,3,0.0,0,0,0,0,0,0,4,94,818,0.0
329,20000361,Experian,2021-05-11,FICO 8,8,433846.48,0,1,6,0,56,7,3,3,493,0.6470713835075625
330,20000362,TransUnion,2021-10-07,FICO 5,1,0.0,0,0,0,0,21,0,4,99,826,0.0
331,20000363,Experian,2021-01-27,FICO 9,6,358388.0,0,1,3,0,1,6,5,24,401,0.3159663569199302
332,20000365,Experian,2021-07-19,FICO 5,1,43654.0,0,0,7,0,75,11,0,40,658,0.07014843108487906
333,20000366,Experian,2021-10-25,FICO 8,0,17611.0,0,0,0,0,0,3,3,72,735,0.08318415198076623
334,20000367,Equifax,2021-03-16,FICO 8,0,81663.0,0,0,0,0,13,1,5,76,795,0.16382764023439772
335,20000368,Equifax,2021-11-21,FICO 9,3,23558.0,0,0,5,0,41,7,2,0,527,0.12789012241795825
336,20000369,Equifax,2021-04-22,VantageScore,7,16518.0,0,0,2,0,10,3,2,41,656,0.08991198227670334
337,20000370,Equifax,2021-10-09,VantageScore,1,0.0,0,0,0,0,14,0,4,67,773,0.0
338,20000371,TransUnion,2021-06-24,FICO 8,2,18323.0,0,0,0,0,8,0,3,99,0,0.11492890252087136
339,20000372,TransUnion,2021-09-17,VantageScore,0,11212.0,0,0,0,0,18,5,3,61,678,0.0797717554482003
340,20000373,Equifax,2021-03-02,FICO 9,4,19745.0,0,1,0,0,11,2,1,92,0,0.13815517880757633
341,20000374,Experian,2021-08-24,FICO 8,3,3594.0,0,0,0,0,14,0,1,50,696,0.010567853026275551
342,20000375,TransUnion,2021-01-28,FICO 8,2,50149.0,0,0,0,0,1,3,4,100,827,0.12962986897170317
343,20000376,TransUnion,2021-10-17,FICO 8,5,0.0,0,0,3,0,13,4,0,3,494,0.0
344,20000377,Equifax,2021-07-05,FICO 4,4,17038.0,0,0,0,0,18,0,3,43,622,0.11433825009730629
345,20000379,Equifax,2021-01-27,FICO 8,2,0.0,0,0,0,0,11,0,5,92,0,0.0
346,20000380,Experian,2021-06-12,FICO 5,5,6671.0,0,1,0,0,6,1,4,86,809,0.08245575002472065
347,20000381,TransUnion,2021-05-26,FICO 8,4,11334.0,0,1,0,0,15,5,1,23,554,0.1159547802956673
348,20000382,Equifax,2021-03-12,FICO 4,7,981355.0,0,0,0,0,9,0,0,26,550,0.2571588643297696
349,20000383,Experian,2021-04-12,FICO 9,3,14595.0,0,0,3,1,9,4,2,44,665,0.07974233309839532
350,20000384,TransUnion,2021-03-10,FICO 5,3,28695.0,0,1,4,0,54,5,0,0,550,0.1426767237307266
351,20000385,Equifax,2021-11-11,FICO 4,2,74921.0,0,1,1,1,8,3,5,76,762,0.04935965725406642
352,20000386,Equifax,2021-10-07,FICO 4,3,0.0,0,0,0,1,16,1,0,80,806,0.0
353,20000387,Equifax,2021-07-01,FICO 8,2,149051.0,0,0,4,0,46,4,4,88,790,0.16603857237863
354,20000388,Experian,2021-01-03,FICO 8,0,68970.0,0,1,0,1,8,4,0,79,801,0.18411098446121443
355,20000389,Experian,2021-03-13,FICO 9,1,191558.0,0,0,0,0,16,3,2,61,684,0.20310513631491167
356,20000390,TransUnion,2021-01-04,FICO 2,4,6838.0,0,0,0,0,22,2,2,20,376,0.01695095922399411
357,20000391,TransUnion,2021-07-16,FICO 8,0,513.0,0,0,1,0,33,3,1,65,0,0.0171
358,20000392,Equifax,2021-03-02,FICO 8,0,137953.0,0,0,0,0,29,0,1,74,743,0.09175896684111244
359,20000393,Equifax,2021-08-04,FICO 8,5,22456.0,0,0,0,0,16,0,6,62,720,0.17048931404927306
360,20000394,Experian,2020-12-18,VantageScore,1,1787.0,0,1,6,0,43,8,1,22,561,0.015378657487091222
361,20000395,Equifax,2021-07-22,FICO 9,4,25333.0,0,0,1,0,17,1,1,69,792,0.07034755853734394
362,20000396,Experian,2021-03-12,FICO 8,3,67608.0,0,1,0,0,29,4,5,55,648,0.30724764138081473
363,20000397,TransUnion,2021-08-07,VantageScore,2,0.0,0,0,3,0,15,5,1,27,546,0.0
364,20000399,TransUnion,2021-11-05,FICO 9,1,12890.0,0,1,0,1,14,2,2,22,577,0.08326658225885636
365,20000401,Equifax,2021-03-12,FICO 5,4,30659.0,0,0,6,0,34,6,5,56,708,0.13886045563657776
366,20000402,Experian,2021-05-17,FICO 8,7,40806.0,0,0,0,0,11,1,5,65,663,0.22507694514004567
367,20000403,Equifax,2021-06-15,FICO 8,4,0.0,0,0,0,0,21,0,0,73,831,0.0
368,20000404,TransUnion,2021-09-22,FICO 8,5,0.0,0,0,0,0,17,0,1,0,558,0.0
369,20000405,Equifax,2021-05-14,VantageScore,5,87465.0,0,0,0,0,7,3,3,32,570,0.10479468795828581
370,20000406,Experian,2021-02-11,FICO 8,0,6752.0,0,1,3,0,10,5,0,3,579,0.04825649125565506
371,20000407,TransUnion,2021-10-20,VantageScore,4,126075.0,0,0,0,0,16,0,2,72,671,0.11163768027393403
372,20000408,Experian,2021-09-17,FICO 5,0,57735.0,0,0,3,0,0,3,1,94,0,0.2567734647406248
373,20000409,TransUnion,2021-02-12,FICO 4,0,47939.0,0,0,0,0,12,0,3,37,604,0.26575640151452157
374,20000410,TransUnion,2021-07-01,FICO 5,6,111162.27,0,0,6,1,37,8,2,20,559,0.10961354028925314
375,20000411,Experian,2021-08-03,FICO 9,4,472.0,0,0,4,0,45,7,2,31,641,0.003970657513964601
376,20000412,TransUnion,2021-03-10,FICO 5,1,2148.0,0,0,3,0,15,3,0,0,587,0.010338006612858979
377,20000413,TransUnion,2021-02-18,FICO 8,3,0.0,0,1,0,1,29,3,1,37,679,0.0
378,20000414,TransUnion,2021-06-04,FICO 5,5,46125.0,0,0,6,0,97,6,2,0,476,0.1769926785467606
379,20000415,TransUnion,2021-07-04,FICO 5,6,686777.01,0,0,0,1,19,4,0,72,702,0.26986892371821725
380,20000416,Equifax,2021-09-16,FICO 8,2,8924.0,0,0,0,0,22,4,2,42,735,0.045773257215545676
381,20000417,Experian,2021-02-16,FICO 4,0,226950.0,0,0,1,0,0,4,1,50,739,0.14624565274406334
382,20000418,Experian,2021-11-10,FICO 8,3,147396.0,0,0,0,0,16,0,7,91,0,0.08737353019981457
383,20000419,TransUnion,2021-10-23,FICO 9,3,137571.34,0,1,5,0,61,7,4,0,502,0.7852245433789954
384,20000420,Experian,2021-04-26,FICO 8,0,32049.0,0,1,0,0,17,3,1,33,670,0.1482987908991213
385,20000421,Experian,2021-02-09,FICO 4,2,0.0,0,0,9,0,54,9,5,0,492,0.0
386,20000422,TransUnion,2021-08-11,FICO 4,0,0.0,0,1,0,0,9,2,5,88,834,0.0
387,20000423,Experian,2021-12-03,FICO 2,8,1029.0,0,1,1,0,18,3,3,86,814,0.003396869202379459
388,20000424,Equifax,2021-01-16,FICO 4,11,66464.0,0,0,0,0,17,0,2,59,667,0.22478507024533445
389,20000425,Equifax,2021-06-19,FICO 5,5,7423.0,0,1,0,1,20,2,3,63,762,0.03808111796271406
390,20000426,Equifax,2021-01-30,FICO 4,1,32561.0,0,0,0,0,23,2,3,0,550,0.08677241063195877
391,20000427,Experian,2021-07-06,FICO 8,5,533.0,0,1,2,0,23,4,0,15,587,0.017766666666666667
392,20000428,TransUnion,2021-06-14,FICO 8,3,264849.0,0,0,0,0,6,1,5,56,714,0.2045063375197384
393,20000429,Experian,2020-12-28,FICO 8,4,34320.0,0,0,4,0,35,4,0,42,627,0.1351830406730792
394,20000431,Equifax,2021-03-01,FICO 5,5,10824.0,0,0,0,0,17,1,4,96,817,0.07336315575437169
395,20000434,Experian,2021-03-17,FICO 8,2,38267.0,0,0,6,0,57,6,3,0,589,0.2038460514049807
396,20000435,TransUnion,2021-09-07,FICO 8,7,39462.0,0,0,7,0,64,8,1,13,436,0.22049135903180928
397,20000436,Equifax,2021-01-03,VantageScore,3,26444.0,0,0,2,0,18,5,4,88,771,0.14606636065863535
398,20000437,Equifax,2021-02-21,FICO 4,3,47282.0,0,0,0,0,14,1,6,93,808,0.12471447185866291
399,20000438,Equifax,2021-09-09,FICO 4,7,113311.0,0,1,0,0,15,1,3,98,849,0.09242521258590101
400,20000439,Equifax,2021-07-25,FICO 8,7,13488.0,0,1,0,0,27,1,1,59,685,0.07669911745973979
401,20000440,Equifax,2021-01-31,FICO 9,11,142285.7,0,1,0,0,24,2,3,78,703,0.21216436860963947
402,20000441,TransUnion,2021-01-12,FICO 4,0,174478.0,0,0,0,0,18,0,3,0,533,0.5390630551582017
403,20000442,Experian,2021-10-25,FICO 4,5,69078.0,0,0,0,1,13,3,3,85,0,0.17122885294664436
404,20000445,Experian,2021-08-13,FICO 8,0,0.0,0,0,0,0,12,2,2,64,738,0.0
405,20000446,Experian,2021-04-08,FICO 8,2,26612.0,0,0,0,0,14,0,1,16,524,0.11756805711407795
406,20000447,TransUnion,2021-02-03,FICO 8,3,899.0,0,0,8,0,46,10,3,18,569,0.00504161152111981
407,20000448,Equifax,2021-10-27,FICO 8,10,25111.0,0,0,0,0,25,0,2,90,800,0.10271902087432454
408,20000449,Experian,2021-04-10,FICO 8,2,78179.0,0,0,4,0,57,4,0,0,508,0.23868462268845733
409,20000450,Experian,2021-01-01,FICO 5,3,29333.0,0,0,0,0,13,0,0,68,743,0.13242411109305308
410,20000451,Experian,2021-03-02,FICO 8,4,20940.0,0,0,1,0,15,1,2,89,794,0.07170471628012094
411,20000452,TransUnion,2021-05-22,FICO 4,8,27549.0,0,0,4,0,26,8,3,0,528,0.10749822455652934
412,20000453,TransUnion,2021-11-08,VantageScore,0,32640.0,0,0,0,0,20,0,2,49,685,0.08732082376924188
413,20000454,Experian,2021-05-08,FICO 5,5,51824.0,0,0,0,1,21,2,4,100,0,0.09738625835997061
414,20000456,Equifax,2020-12-27,FICO 2,3,27400.0,0,1,0,0,10,1,0,98,824,0.14541671973846218
415,20000457,Equifax,2021-01-01,FICO 8,4,6510.0,0,0,2,0,23,2,4,80,838,0.039372936096091736
416,20000458,Experian,2021-06-18,FICO 2,3,1655.0,0,0,2,0,25,2,3,49,672,0.05516666666666667
417,20000459,Equifax,2021-07-30,FICO 8,2,1189143.0,0,0,1,1,6,2,3,94,684,0.2947685006961798
418,20000460,Equifax,2021-06-14,FICO 8,3,68137.0,0,1,0,0,15,1,3,94,0,0.04650167649541822
419,20000461,Experian,2021-09-03,FICO 8,7,22235.0,0,0,0,0,0,3,4,67,752,0.05485004119611819
420,20000462,Equifax,2021-04-10,FICO 4,5,41213.0,0,0,0,0,6,0,4,77,801,0.13384190203395005
421,20000464,Experian,2021-02-08,FICO 8,3,1163835.6800000002,0,0,0,0,3,0,1,87,609,0.5073429869981544
422,20000465,Experian,2021-09-29,FICO 4,4,38026.0,0,0,8,0,61,10,0,22,499,0.15831303732384105
423,20000466,Equifax,2021-09-06,FICO 5,2,26505.0,0,0,0,1,24,3,2,54,688,0.1723622175256056
424,20000468,Equifax,2021-02-18,FICO 8,9,34082.0,0,1,0,0,13,1,0,41,0,0.20194706311067923
425,20000469,Experian,2021-01-03,FICO 8,3,25009.0,0,0,0,0,9,0,2,32,489,0.27556001189990853
426,20000472,TransUnion,2020-12-17,VantageScore,4,23218.0,0,0,0,1,11,1,0,86,811,0.08367480061554208
427,20000473,Experian,2021-06-16,FICO 8,5,417797.0,0,1,0,0,29,2,3,11,533,0.27098881141559916
428,20000474,Equifax,2021-08-09,VantageScore,3,864946.21,0,0,0,0,24,0,4,87,576,0.635452062262012
429,20000478,Equifax,2021-01-10,VantageScore,10,12142.0,0,0,4,0,44,6,1,0,349,0.062240493741093486
430,20000479,Equifax,2021-10-27,FICO 5,6,528.0,0,0,3,1,9,6,5,67,0,0.0176
431,20000480,TransUnion,2021-10-21,FICO 8,2,75051.0,0,0,3,0,12,3,1,84,789,0.19550335255779058
432,20000481,Experian,2021-10-24,FICO 5,5,3890.0,0,0,6,0,56,8,1,0,500,0.037407802748367615
433,20000482,Experian,2021-09-02,FICO 9,10,42401.0,1,0,1,0,8,2,6,29,830,0.28457046979865774
434,20000483,Equifax,2021-06-04,VantageScore,3,22075.0,0,0,2,0,20,2,3,64,0,0.12941976560805304
435,20000484,Experian,2021-01-09,FICO 8,3,0.0,0,0,0,0,18,1,0,84,800,0.0
436,20000486,Equifax,2021-06-16,VantageScore,3,35720.0,0,0,0,0,8,0,2,68,719,0.19831113529238678
437,20000488,TransUnion,2020-12-24,FICO 8,8,0.0,0,0,0,0,13,0,3,90,820,0.0
438,20000489,TransUnion,2021-09-15,FICO 8,3,48873.0,0,0,0,0,0,0,0,54,669,0.15536347799549866
439,20000490,Equifax,2021-10-09,FICO 8,4,253847.0,0,0,0,0,0,3,0,78,678,0.21788918377927396
440,20000491,Experian,2021-04-02,FICO 4,5,38328.0,0,0,0,0,15,2,2,68,0,0.11586141852247067
441,20000492,Equifax,2021-01-17,FICO 5,3,7908.0,0,1,0,0,8,1,4,38,655,0.05311303646987709
442,20000493,Experian,2021-01-08,FICO 9,2,0.0,0,0,0,0,20,0,3,50,725,0.0
443,20000494,Experian,2021-08-10,FICO 8,5,654920.0,0,0,0,1,11,1,6,90,0,0.19610097649255565
444,20000495,TransUnion,2021-10-08,FICO 5,3,15852.0,0,0,3,0,9,3,4,0,436,0.10109693877551021
445,20000496,TransUnion,2021-03-21,FICO 4,4,44143.0,0,0,2,0,32,2,0,17,558,0.1229938925172191
446,20000497,Equifax,2021-05-19,FICO 8,1,248067.0,0,0,5,0,84,6,1,1,496,0.23436530138512163
447,20000498,Experian,2021-11-04,FICO 8,6,27205.0,0,0,0,0,4,2,5,100,818,0.13198302001212855
448,20000499,Equifax,2021-08-28,FICO 8,4,17708.0,0,0,0,0,8,2,8,82,777,0.1604087215674907
449,20000500,Experian,2020-12-18,FICO 8,5,163644.0,0,0,0,0,11,1,1,86,777,0.1075491563341645
450,20000502,Experian,2021-04-27,FICO 8,5,5090.0,0,0,2,0,19,2,2,60,0,0.05192499948993124
451,20000504,TransUnion,2021-06-10,FICO 8,9,279843.58999999997,0,1,0,0,15,1,1,90,518,0.7764740859537794
452,20000505,Experian,2021-09-29,VantageScore,11,698416.53,0,0,6,0,18,7,0,43,604,0.29796575352108773
453,20000506,Experian,2021-04-11,FICO 8,2,35124.0,0,0,0,0,35,2,2,21,460,0.15887245966446992
454,20000507,Experian,2021-01-15,FICO 4,4,58753.0,0,0,1,0,26,3,1,24,662,0.0676219578866196
455,20000508,Experian,2021-09-02,FICO 8,1,85441.0,0,0,0,0,18,4,2,5,349,0.07555827930059887
456,20000509,TransUnion,2021-04-01,FICO 8,1,217084.0,0,0,1,0,32,2,2,11,578,0.1716198439100902
457,20000510,Experian,2021-01-22,FICO 2,5,884827.92,0,0,0,0,10,1,2,97,641,0.4205693763097818
458,20000511,Equifax,2021-06-18,FICO 8,5,40503.0,0,0,0,0,8,0,1,57,704,0.05963058277584095
459,20000512,Equifax,2021-03-11,FICO 8,1,10193.0,0,1,2,0,10,6,5,62,776,0.05351105604670209
460,20000513,Equifax,2021-10-17,VantageScore,4,37991.0,0,0,3,1,19,4,2,0,416,0.19970667703985617
461,20000514,Experian,2021-02-02,FICO 8,4,260266.36,0,0,0,1,18,3,2,66,642,0.32145539430618164
462,20000515,Experian,2021-05-22,FICO 5,11,1659.0,0,0,0,0,15,0,0,88,828,0.023138075313807533
463,20000516,TransUnion,2021-02-18,FICO 8,6,156021.0,0,0,3,0,2,4,5,24,495,0.470601897235586
464,20000517,Experian,2021-05-29,FICO 8,8,177340.0,0,0,0,0,9,0,0,41,660,0.08743368765653657
465,20000518,Experian,2021-09-28,FICO 8,5,249351.61,0,0,0,1,8,1,5,69,625,0.3058774584427644
466,20000519,Experian,2021-10-30,FICO 8,3,87284.0,0,1,0,0,11,1,2,43,658,0.24847768842075296
467,20000520,Equifax,2021-02-19,FICO 8,1,112798.0,0,0,5,0,83,5,2,6,799,0.09974391533642946
468,20000521,Experian,2021-05-28,FICO 5,9,27559.0,0,1,10,1,67,14,2,16,530,0.1359005463834152
469,20000522,TransUnion,2021-07-11,VantageScore,2,71364.0,0,0,0,0,8,0,0,88,711,0.11939689210712995
470,20000523,TransUnion,2021-08-16,VantageScore,2,554450.14,0,0,0,0,9,2,0,53,587,0.31884484402513263
471,20000524,Experian,2021-09-13,VantageScore,6,109765.0,0,0,0,0,21,2,4,99,847,0.08832172232387556
472,20000525,Experian,2021-11-21,FICO 8,7,45607.0,0,0,0,0,18,0,3,67,710,0.18377692261197187
473,20000526,Equifax,2021-11-25,FICO 9,4,11193.0,0,1,0,0,16,3,1,41,623,0.07684280624189041
474,20000527,Experian,2021-01-01,VantageScore,7,2614.0,0,0,4,0,47,8,2,44,729,0.01948143897331177
475,20000528,TransUnion,2021-09-30,FICO 8,3,11600.0,0,1,0,0,20,2,3,70,761,0.047774766686160965
476,20000529,Equifax,2021-09-08,VantageScore,4,29256.0,0,0,0,0,19,2,2,76,675,0.08952620514279944
477,20000530,TransUnion,2021-10-08,FICO 8,4,38472.0,0,0,4,0,78,4,1,0,545,0.19535181301634533
478,20000531,Equifax,2020-12-09,FICO 5,3,275407.0,0,0,0,0,29,1,5,79,0,0.19283044655147547
479,20000532,Experian,2021-05-25,VantageScore,5,32175.0,0,0,0,0,6,2,3,82,726,0.15228966986155484
480,20000533,TransUnion,2021-06-12,FICO 8,3,22456.0,0,0,2,0,22,2,4,75,753,0.11581048256086807
481,20000534,TransUnion,2021-09-05,FICO 5,0,34078.76,0,0,0,0,16,2,2,47,696,0.09686254000557094
482,20000535,TransUnion,2021-06-10,FICO 5,3,30663.0,0,0,0,0,25,0,3,84,777,0.12740894019097007
483,20000536,Equifax,2021-08-15,FICO 4,5,104705.41,0,1,0,1,11,5,4,54,748,0.14341576231743514
484,20000537,Equifax,2021-03-21,FICO 5,9,0.0,0,1,8,0,55,11,2,21,665,0.0
485,20000538,Equifax,2021-05-21,FICO 2,3,8503.0,0,0,0,0,22,0,0,46,0,0.0556985739645358
486,20000540,TransUnion,2021-09-19,FICO 9,1,13602.0,0,0,1,0,8,5,2,57,723,0.1640732431063183
487,20000541,TransUnion,2021-04-10,FICO 8,10,11622.0,0,0,6,0,90,12,0,0,530,0.07445942915718999
488,20000542,Experian,2021-06-29,FICO 2,3,0.0,0,0,0,0,17,0,3,31,646,0.0
489,20000543,TransUnion,2021-04-17,FICO 5,2,24826.0,0,0,1,1,47,2,6,64,730,0.18396579448532407
490,20000544,Experian,2021-11-03,FICO 9,0,0.0,0,1,0,0,19,1,6,96,815,0.0
491,20000545,Equifax,2021-10-18,FICO 8,1,26803.0,0,0,3,0,7,3,4,78,0,0.17806817653350696
492,20000546,Experian,2021-09-08,FICO 4,5,45575.0,0,0,3,1,15,6,3,41,639,0.06419583709540425
493,20000547,TransUnion,2021-06-04,FICO 4,0,74581.0,0,0,0,0,5,0,1,67,709,0.23948302159428433
494,20000548,Equifax,2021-11-23,FICO 8,7,0.0,0,0,1,0,90,3,3,3,538,0.0
495,20000549,Equifax,2021-08-17,FICO 4,6,27578.0,0,0,6,0,87,6,3,12,470,0.06841206997489556
496,20000550,TransUnion,2021-08-14,FICO 8,7,644884.0,0,1,4,1,10,6,6,36,589,0.2862352451368983
497,20000551,TransUnion,2021-05-04,FICO 2,1,25828.0,0,0,4,1,84,7,0,0,432,0.1412106897607488
498,20000552,Experian,2021-10-26,FICO 4,0,2051.0,0,1,0,0,4,2,0,49,672,0.029250274533293402
499,20000553,TransUnion,2021-07-27,FICO 5,5,17154.0,0,0,6,0,69,10,1,4,551,0.08623090418285738
500,20000554,Experian,2021-04-10,FICO 8,2,36850.0,0,0,0,0,14,1,1,37,630,0.10112485970126317
501,20000555,TransUnion,2021-07-27,FICO 8,5,17288.0,0,0,0,0,4,2,1,22,589,0.10237157660991858
502,20000556,Experian,2021-11-02,FICO 9,4,38503.0,0,1,0,0,8,1,0,67,0,0.10966235171814699
503,20000557,Equifax,2021-08-07,VantageScore,6,0.0,0,1,2,1,14,7,2,45,699,0.0
504,20000558,Experian,2021-08-10,FICO 5,2,19098.0,0,0,4,0,0,5,1,0,571,0.12756748091297115
505,20000559,Experian,2021-10-11,FICO 8,5,17177.0,0,0,0,0,67,0,5,0,520,0.05840629728489093
506,20000560,Equifax,2021-01-19,FICO 8,2,32698.0,0,0,0,0,12,1,8,63,0,0.23463983811013678
507,20000561,TransUnion,2021-12-08,FICO 2,6,235335.84,0,1,0,1,7,3,1,69,734,0.23878557520498644
508,20000562,Equifax,2021-01-25,FICO 8,1,30519.0,0,0,0,0,19,1,4,32,631,0.07606948172851877
509,20000563,Experian,2021-09-14,FICO 4,8,41664.0,0,0,0,0,14,1,2,69,731,0.21856409933587234
510,20000564,Experian,2021-07-21,FICO 8,4,14440.0,0,0,0,0,34,2,5,58,698,0.14046146064355472
511,20000565,Experian,2021-01-02,FICO 8,0,19606.0,0,0,3,0,6,8,3,47,593,0.15931806731566203
512,20000566,Equifax,2021-05-09,FICO 5,6,0.0,0,0,6,0,36,6,4,37,667,0.0
513,20000567,Experian,2021-11-17,FICO 4,2,612.0,0,0,0,0,21,1,0,53,0,0.0034509786231046403
514,20000568,TransUnion,2021-05-05,FICO 8,1,21209.0,0,0,0,0,25,0,2,89,738,0.1165886989934749
515,20000570,TransUnion,2021-08-09,FICO 4,6,143903.0,0,0,0,0,18,0,4,72,699,0.19102886612992082
516,20000571,Equifax,2021-08-18,FICO 4,10,7925.0,0,1,0,0,19,1,0,76,0,0.03672824343989545
517,20000572,TransUnion,2021-09-18,VantageScore,5,0.0,0,0,0,1,17,4,3,3,498,0.0
518,20000573,Equifax,2021-05-17,FICO 2,6,3242.0,0,1,5,0,64,6,2,30,620,0.007574801751410053
519,20000574,TransUnion,2021-09-01,FICO 8,3,23562.0,0,0,0,0,22,0,3,44,680,0.04534397684497371
520,20000576,TransUnion,2021-08-24,FICO 8,1,20009.0,0,0,0,0,16,0,5,86,802,0.13877310399833548
521,20000577,Equifax,2021-10-18,FICO 9,7,4080.0,0,1,0,0,26,1,2,61,753,0.031776443374845205
522,20000578,Equifax,2021-04-04,FICO 8,7,24396.0,0,1,6,1,55,10,3,20,528,0.13933564835968199
523,20000579,Experian,2021-09-04,FICO 8,3,7903.0,0,0,0,0,13,0,4,82,841,0.03316867211993268
524,20000580,Experian,2021-11-17,FICO 2,8,0.0,0,0,0,0,18,4,6,95,849,0.0
525,20000581,Equifax,2021-03-13,VantageScore,1,32633.0,0,0,0,0,22,0,5,81,749,0.23219393490913748
526,20000582,Experian,2021-05-04,FICO 8,5,23334.0,0,1,0,0,25,2,2,0,505,0.17026772618813074
527,20000583,Equifax,2021-03-10,VantageScore,4,0.0,0,0,4,0,64,7,4,0,387,0.0
528,20000584,Equifax,2021-06-20,VantageScore,3,219.0,0,1,0,0,21,2,0,49,681,0.0073
529,20000585,TransUnion,2021-09-22,FICO 8,5,13006.0,0,1,0,0,18,4,3,24,609,0.0847942731593462
530,20000586,Experian,2021-01-09,FICO 8,5,0.0,0,0,5,0,43,5,2,41,688,0.0
531,20000587,TransUnion,2021-11-28,FICO 5,5,20502.0,0,0,0,0,33,0,4,82,803,0.10689984201223232
532,20000588,Equifax,2021-04-10,VantageScore,2,39248.0,0,0,2,0,22,3,2,0,415,0.04034203566520469
533,20000589,Experian,2021-02-19,VantageScore,7,59664.0,0,1,0,0,17,1,3,19,574,0.07193200313460726
534,20000590,Experian,2021-03-08,FICO 8,2,1374.0,0,0,7,1,68,8,4,0,555,0.0458
535,20000591,TransUnion,2021-07-08,FICO 9,4,17215.0,0,0,0,0,11,0,0,36,633,0.14120841262550035
536,20000592,Equifax,2021-02-05,FICO 5,0,22462.0,0,0,0,0,16,0,0,53,669,0.08011527583095256
537,20000593,Experian,2021-11-25,FICO 8,8,222332.78,0,1,1,0,30,3,0,53,653,0.20415389630364217
538,20000594,Equifax,2021-11-30,FICO 8,5,86127.0,0,1,2,0,27,4,4,74,742,0.2565800645270844
539,20000595,TransUnion,2021-02-21,FICO 8,5,0.0,0,0,0,0,21,2,0,75,790,0.0
540,20000597,Experian,2021-07-23,FICO 4,5,8338.0,0,1,0,0,10,1,3,36,639,0.05821162277639699
541,20000598,Experian,2021-06-29,FICO 8,4,85065.0,0,1,2,0,28,6,6,26,529,0.24958995830631509
542,20000599,Equifax,2021-02-08,FICO 8,4,13110.0,0,0,0,0,13,2,3,89,790,0.06184866655029745
543,20000600,Experian,2021-08-29,FICO 8,2,122895.0,0,1,0,0,0,2,6,64,695,0.12414978184510851
544,20000601,Equifax,2021-08-19,FICO 8,4,17221.0,0,0,0,0,0,1,2,89,816,0.086142902877266
545,20000602,TransUnion,2021-11-22,FICO 8,3,0.0,0,0,0,0,15,0,2,88,793,0.0
546,20000603,Equifax,2021-05-09,VantageScore,2,72822.0,0,0,0,0,5,0,3,53,739,0.06186644283670494
547,20000604,Equifax,2021-05-02,FICO 8,2,24748.0,0,0,0,0,1,5,0,62,665,0.20876812633390415
548,20000605,Equifax,2021-04-03,FICO 4,0,345780.44,0,0,0,0,9,1,0,87,702,0.3524358383718133
549,20000606,Equifax,2021-04-13,FICO 5,5,92463.0,0,0,0,0,5,0,2,87,0,0.2636203716111227
550,20000607,Experian,2021-05-04,FICO 4,8,16500.0,0,0,2,0,19,2,3,54,0,0.1633938385668875
551,20000608,TransUnion,2021-05-04,FICO 9,9,168971.0,0,1,0,0,11,1,2,77,724,0.24988649656679843
552,20000609,Equifax,2021-05-07,FICO 9,3,661.0,0,0,8,0,56,12,5,0,542,0.022033333333333332
553,20000610,Experian,2021-01-12,FICO 8,1,0.0,0,1,5,0,96,8,4,41,682,0.0
554,20000611,TransUnion,2021-09-04,FICO 8,2,20707.0,0,0,0,0,6,0,3,42,631,0.09065953310800161
555,20000612,Equifax,2021-04-29,FICO 5,4,111869.0,0,0,10,0,53,14,2,32,479,0.28761276953493575
556,20000613,Equifax,2020-12-08,VantageScore,5,0.0,0,0,0,0,14,1,3,40,748,0.0
557,20000614,Experian,2021-11-02,FICO 2,6,5713.0,0,1,3,0,19,4,3,32,613,0.045805504999077956
558,20000615,Equifax,2021-10-17,FICO 9,4,9802.0,0,1,0,0,27,1,5,62,736,0.06347047929860004
559,20000616,TransUnion,2021-07-11,FICO 9,10,136565.14,0,0,3,0,4,5,2,52,0,0.09179084895273917
560,20000617,TransUnion,2021-11-30,FICO 5,1,8834.0,0,0,0,0,21,0,2,92,837,0.05105414027463128
561,20000618,Equifax,2021-04-25,FICO 8,7,74835.0,0,1,1,0,16,2,0,91,842,0.0831746751536289
562,20000619,Equifax,2021-08-01,FICO 5,1,222991.0,0,0,0,0,16,0,0,77,730,0.17188906772240106
563,20000620,Experian,2021-01-23,FICO 8,5,46815.0,0,0,0,0,6,0,0,71,778,0.0914934450707088
564,20000621,Equifax,2021-10-29,FICO 5,7,151965.84,0,0,6,0,69,6,0,23,471,0.3412347841317103
565,20000622,Experian,2021-05-01,FICO 8,4,29606.0,0,0,0,0,29,3,5,91,745,0.2174737027678204
566,20000623,Equifax,2021-07-18,FICO 8,5,32945.0,0,1,0,0,26,4,2,9,548,0.18723962921495188
567,20000624,Equifax,2021-04-01,FICO 9,0,0.0,0,0,4,0,43,4,2,0,572,0.0
568,20000625,Equifax,2021-06-15,FICO 8,2,5276.0,0,1,0,1,2,4,8,66,732,0.024399493141689096
569,20000626,Equifax,2021-03-20,FICO 8,2,547256.0,0,0,0,0,20,0,6,97,702,0.36786090472960753
570,20000627,Experian,2021-11-23,FICO 8,5,8253.0,0,1,0,1,10,2,2,56,696,0.06203210967800126
571,20000628,Experian,2021-01-22,FICO 8,2,36662.0,0,1,1,0,20,2,6,65,787,0.10274216374514832
572,20000629,Experian,2020-12-30,FICO 8,5,0.0,0,0,4,0,81,5,3,51,706,0.0
573,20000630,Equifax,2021-07-30,VantageScore,2,18377.0,0,0,1,0,2,1,4,29,554,0.08193921774955858
574,20000631,Equifax,2021-01-07,FICO 8,2,201781.0,0,0,0,0,0,4,3,27,529,0.3018956282354349
575,20000632,TransUnion,2020-12-28,FICO 8,5,66290.0,0,0,3,0,26,6,0,12,458,0.3032784635233189
576,20000633,Experian,2020-12-28,VantageScore,0,65719.0,0,0,0,0,20,4,0,15,590,0.19359010236394433
577,20000634,TransUnion,2021-06-02,FICO 8,4,43770.0,0,0,0,0,11,1,2,96,749,0.2515560613114019
578,20000635,Experian,2021-01-11,FICO 8,2,0.0,0,0,8,0,79,8,0,52,737,0.0
579,20000636,Equifax,2021-10-21,FICO 8,5,171927.0,0,0,1,0,13,4,4,45,577,0.12150781725945725
580,20000637,Experian,2021-06-21,FICO 8,9,11424.0,0,1,4,1,68,11,2,0,543,0.051769141531322505
581,20000638,TransUnion,2021-08-23,FICO 9,1,131122.0,0,0,1,0,20,1,1,87,799,0.06625237667681086
582,20000639,TransUnion,2020-12-22,FICO 8,9,7775.0,0,1,0,0,19,2,2,98,821,0.06652463336584698
583,20000640,Equifax,2021-01-29,VantageScore,0,20399.0,0,0,0,0,7,0,3,93,775,0.05085295048823719
584,20000641,Equifax,2021-08-17,FICO 8,7,76159.0,0,1,0,0,9,1,4,73,742,0.19071456296092254
585,20000642,TransUnion,2021-11-13,FICO 8,2,12368.0,0,0,0,0,19,2,3,43,679,0.05623300688363296
586,20000643,Experian,2021-07-23,FICO 4,1,241083.0,0,0,0,0,15,0,4,53,0,0.1706051567293301
587,20000644,TransUnion,2021-10-16,VantageScore,3,41859.0,0,0,0,0,20,0,4,79,710,0.14528271108319074
588,20000645,Equifax,2021-03-20,FICO 5,2,75190.0,0,0,3,0,1,3,4,59,658,0.22666160227656393
589,20000646,Equifax,2021-04-13,FICO 8,0,1004.0,0,0,0,0,27,0,4,54,801,0.003255734015610661
590,20000647,Experian,2021-07-16,FICO 8,4,10398.0,0,0,0,0,3,0,1,90,794,0.03978572795102353
591,20000648,Experian,2021-11-30,FICO 4,2,184141.44,0,1,0,1,5,5,2,85,0,0.27972352946537893
592,20000649,TransUnion,2021-09-14,FICO 4,6,67308.0,0,0,0,0,20,3,1,65,634,0.27049793031386893
593,20000650,TransUnion,2021-01-11,FICO 8,1,0.0,0,0,3,0,5,5,5,72,795,0.0
594,20000652,Experian,2021-11-13,FICO 8,4,27668.0,0,0,0,0,27,0,2,0,475,0.11262629140852065
595,20000653,Equifax,2020-12-11,FICO 5,10,45305.0,0,0,4,0,83,5,4,15,558,0.18687174918226854
596,20000654,Equifax,2021-01-06,FICO 4,1,306800.0,0,0,2,0,16,3,2,68,644,0.4190787370813652
597,20000655,TransUnion,2021-03-24,FICO 9,3,150507.0,0,0,0,0,28,1,0,32,560,0.36563395063078036
598,20000656,Equifax,2021-09-09,VantageScore,6,63768.0,0,0,0,0,23,0,1,79,677,0.1888817800526054
599,20000657,TransUnion,2021-03-09,FICO 9,6,34589.0,0,0,0,0,0,0,0,55,822,0.18894278566200168
600,20000658,TransUnion,2021-01-05,FICO 9,2,130495.0,0,0,8,0,52,8,6,45,662,0.15477373703349645
601,20000659,Equifax,2021-02-27,FICO 9,2,12866.0,0,0,1,0,14,1,1,29,644,0.07936390441294398
602,20000660,Equifax,2021-05-13,FICO 8,2,11585.0,0,0,3,0,11,3,3,20,502,0.121294929379862
603,20000661,Equifax,2021-08-14,FICO 8,5,168513.0,0,0,0,0,31,4,4,82,777,0.12140557356285982
604,20000662,Experian,2021-05-07,FICO 4,3,1808.0,0,0,0,0,15,0,3,79,808,0.009360455183196741
605,20000663,Experian,2021-11-23,FICO 8,6,25059.0,0,0,0,1,23,1,3,48,697,0.11502710543348038
606,20000664,Experian,2021-05-03,FICO 4,1,0.0,0,1,9,0,54,12,0,0,520,0.0
607,20000666,TransUnion,2021-03-27,FICO 9,4,11648.0,0,0,0,0,17,0,5,78,769,0.08217399892767446
608,20000667,Experian,2021-07-29,FICO 8,5,178719.0,0,1,0,0,26,5,1,40,660,0.19516113004517605
609,20000668,Experian,2021-01-11,FICO 9,6,64981.0,0,1,5,1,48,7,3,0,390,0.2387734479780999
610,20000669,TransUnion,2021-04-21,FICO 8,0,0.0,0,0,7,0,33,7,4,27,661,0.0
611,20000670,TransUnion,2021-03-12,VantageScore,3,65416.0,0,0,2,0,14,2,1,73,720,0.14307273053352637
612,20000671,Equifax,2021-03-19,FICO 8,1,24135.0,0,0,4,0,39,4,0,55,632,0.21492497439779154
613,20000672,Experian,2021-06-28,FICO 2,2,1098.0,0,0,0,0,19,1,3,78,834,0.007018530710865938
614,20000673,Equifax,2021-03-06,FICO 8,5,165440.0,0,0,0,1,11,2,1,65,675,0.12232370679871081
615,20000674,Experian,2021-07-25,FICO 8,6,1730.0,0,0,0,1,14,1,0,37,702,0.004636304677575829
616,20000675,Experian,2021-09-11,FICO 5,7,14796.0,0,0,0,0,67,0,4,36,613,0.07775745727438986
617,20000676,Equifax,2021-11-30,FICO 8,2,0.0,0,0,1,0,5,1,3,85,842,0.0
618,20000677,Experian,2021-10-31,FICO 9,11,323327.0,0,1,3,0,11,4,3,32,666,0.19385670071816322
619,20000678,TransUnion,2021-04-21,FICO 5,5,21254.0,0,0,0,0,18,0,2,90,802,0.08088257679544555
620,20000679,TransUnion,2021-11-10,FICO 4,4,39464.0,0,1,3,0,3,4,1,81,764,0.2042185009625137
621,20000680,TransUnion,2021-05-27,VantageScore,6,136227.0,0,0,0,0,6,3,5,93,814,0.0897199474695691
622,20000681,TransUnion,2021-09-30,FICO 9,2,26978.0,0,0,0,0,28,0,4,17,507,0.017647628317843087
623,20000682,TransUnion,2021-05-30,FICO 8,1,14293.0,0,0,0,0,23,0,3,87,777,0.15976794357317714
624,20000683,Experian,2020-12-09,FICO 4,0,89317.0,0,1,0,0,19,1,2,71,676,0.2256898908657211
625,20000684,TransUnion,2021-09-15,FICO 8,9,56541.0,1,0,5,0,42,9,2,6,795,0.2956747739597442
626,20000685,Equifax,2021-04-28,FICO 4,7,92346.0,0,0,5,0,75,5,4,0,505,0.24374574383284678
627,20000686,Equifax,2021-08-04,FICO 8,4,22390.0,0,0,0,0,19,0,5,90,808,0.1116619122663528
628,20000687,Experian,2021-06-02,FICO 5,2,0.0,0,1,0,0,13,3,1,63,733,0.0
629,20000688,TransUnion,2021-07-25,FICO 2,4,15150.0,0,0,1,0,17,1,3,43,696,0.07956305963290707
630,20000689,TransUnion,2021-03-07,FICO 8,1,9299.0,0,0,0,0,5,1,4,60,801,0.05106731175827736
631,20000690,Equifax,2021-08-08,FICO 8,2,32968.0,0,0,0,0,0,0,1,77,778,0.08971567901772108
632,20000691,TransUnion,2021-05-29,FICO 5,4,2879.0,0,1,0,0,16,1,4,86,0,0.03422206901470396
633,20000692,Experian,2021-03-08,FICO 8,4,18221.0,0,1,7,0,67,8,2,93,798,0.09266690060977781
634,20000693,TransUnion,2021-05-03,FICO 5,8,0.0,0,0,0,0,0,0,6,46,697,0.0
635,20000695,TransUnion,2021-02-05,FICO 5,0,0.0,0,1,0,0,19,2,2,25,677,0.0
636,20000697,TransUnion,2020-12-23,FICO 2,7,0.0,0,0,0,0,17,1,0,66,737,0.0
637,20000698,TransUnion,2021-06-10,FICO 9,5,0.0,0,0,0,0,9,0,1,76,802,0.0
638,20000699,Equifax,2021-04-17,FICO 5,8,23079.0,0,1,0,1,10,2,2,54,731,0.08370903683284671
639,20000700,Experian,2021-08-17,FICO 5,7,0.0,0,0,8,1,84,9,4,31,586,0.0
640,20000701,Equifax,2021-05-27,FICO 8,3,67399.0,0,0,0,0,15,0,2,63,689,0.19182483912374024
641,20000702,Equifax,2021-01-17,FICO 9,4,16649.0,0,0,0,0,50,0,3,55,665,0.08990080618597895
642,20000703,TransUnion,2021-01-19,FICO 4,5,433992.0,0,0,0,0,13,0,4,46,594,0.23736019964876606
643,20000705,Equifax,2020-12-28,FICO 8,6,15573.0,0,0,0,0,28,0,1,86,818,0.04291678723492208
644,20000706,TransUnion,2021-05-14,FICO 5,0,13063.0,0,0,0,0,13,5,3,63,742,0.04540383098082424
645,20000707,Experian,2021-07-29,FICO 2,4,74014.0,0,0,0,0,16,0,3,64,635,0.2667209617435927
646,20000709,Experian,2021-09-07,FICO 8,6,0.0,0,0,0,0,25,2,3,58,771,0.0
647,20000710,Equifax,2021-05-27,FICO 8,4,28356.0,0,0,0,1,5,1,3,98,837,0.10552169156228369
648,20000711,Equifax,2021-09-11,VantageScore,5,20066.0,0,1,0,1,3,4,5,61,706,0.1423564800363234
649,20000712,Equifax,2021-02-10,VantageScore,2,22856.0,0,0,1,0,13,2,2,66,752,0.056390569333557024
650,20000714,Experian,2021-07-12,FICO 8,0,0.0,0,0,0,0,0,0,2,96,838,0.0
651,20000715,Equifax,2021-10-05,FICO 8,2,39093.0,0,0,0,0,1,0,0,99,752,0.22711058954755653
652,20000716,Experian,2021-04-08,VantageScore,3,15705.0,0,0,2,1,14,3,4,57,736,0.07736605647401919
653,20000717,Experian,2021-06-05,FICO 9,6,0.0,0,1,1,0,16,3,2,51,712,0.0
654,20000718,TransUnion,2021-07-03,FICO 8,5,40063.0,0,0,0,0,14,4,2,76,795,0.11350449337609501
655,20000719,Experian,2021-03-13,FICO 8,0,54093.0,0,0,0,0,24,1,3,37,610,0.1829790544746029
656,20000720,TransUnion,2021-09-02,FICO 9,7,5809.0,0,0,2,0,59,3,1,0,469,0.036241694481704466
657,20000722,Equifax,2021-02-07,FICO 8,6,540.0,0,0,0,0,25,1,0,71,768,0.004014840038364027
658,20000723,TransUnion,2021-05-05,VantageScore,6,160782.0,0,0,0,0,30,0,1,38,584,0.20134167675783574
659,20000724,TransUnion,2020-12-08,FICO 4,2,41336.0,0,0,0,1,25,4,1,56,640,0.2185193800088812
660,20000726,Experian,2021-09-30,FICO 8,1,11783.0,0,1,0,0,12,1,1,40,739,0.04294534427711282
661,20000728,Experian,2021-10-21,FICO 8,12,113429.0,0,1,0,0,0,2,2,80,790,0.32962431273175324
662,20000730,Experian,2021-01-23,FICO 8,4,0.0,0,0,4,0,61,6,2,16,460,0.0
663,20000731,TransUnion,2021-08-24,FICO 5,4,0.0,0,1,8,0,61,9,1,49,681,0.0
664,20000732,TransUnion,2020-12-22,FICO 2,7,158168.3,0,0,0,0,14,0,5,81,0,0.24641489504236005
665,20000733,Equifax,2021-02-14,FICO 8,0,7947.0,0,1,0,0,29,2,3,14,586,0.017020775326622405
666,20000735,Equifax,2021-02-09,FICO 4,5,0.0,0,0,2,0,17,2,2,44,708,0.0
667,20000736,Experian,2021-05-30,FICO 9,8,10919.0,0,1,2,0,0,3,2,54,697,0.06322304957557931
668,20000737,Equifax,2021-04-21,FICO 8,1,17370.0,0,0,1,0,17,1,1,34,652,0.05099180080025129
669,20000738,Experian,2021-08-06,VantageScore,3,11814.0,0,0,0,0,9,0,3,88,762,0.08687211841785974
670,20000739,Equifax,2021-09-08,FICO 5,6,39014.0,0,0,2,0,0,2,1,57,674,0.21895712786436264
671,20000740,TransUnion,2021-06-16,FICO 8,9,19663.0,0,1,0,0,16,1,2,46,642,0.11762700102892967
672,20000741,Experian,2021-07-27,VantageScore,3,30472.0,0,0,9,0,64,12,5,0,464,0.2968418181463947
673,20000742,Equifax,2021-07-04,FICO 8,0,33116.0,0,0,5,0,31,8,1,1,515,0.1946088254479423
674,20000743,Experian,2021-11-15,FICO 8,7,0.0,0,0,0,1,18,2,4,77,841,0.0
675,20000744,TransUnion,2021-08-17,FICO 8,4,50474.0,0,0,1,0,11,4,2,5,549,0.19873453107958594
676,20000745,Experian,2021-09-16,FICO 8,4,10817.0,0,1,0,1,12,4,2,97,769,0.17240719784510927
677,20000746,TransUnion,2021-12-05,FICO 8,8,54393.0,0,0,4,0,67,8,1,0,441,0.2387867719687957
678,20000747,Experian,2021-08-14,FICO 8,5,209034.0,0,0,0,0,0,1,4,93,808,0.21292260554506962
679,20000748,TransUnion,2020-12-23,FICO 8,3,116461.0,0,0,0,0,9,0,3,75,778,0.09999107076930473
680,20000749,TransUnion,2021-07-05,FICO 8,4,17865.0,0,0,0,1,13,3,1,58,677,0.11927414024475734
681,20000752,Experian,2021-06-05,FICO 8,7,0.0,0,1,0,0,18,1,2,90,0,0.0
682,20000753,Experian,2021-01-04,FICO 4,4,53877.0,0,0,0,0,11,4,4,61,702,0.20401926703473974
683,20000754,TransUnion,2021-10-14,FICO 8,0,34156.0,0,0,3,1,10,4,5,58,640,0.23545956528632783
684,20000755,TransUnion,2021-07-28,FICO 8,6,0.0,0,0,0,0,1,3,1,76,828,0.0
685,20000756,Equifax,2021-08-21,FICO 2,3,27248.0,0,0,2,0,21,6,1,0,524,0.08178873843992664
686,20000757,Experian,2021-06-10,FICO 8,0,13222.0,0,1,3,0,15,4,2,99,838,0.09902710475662639
687,20000758,TransUnion,2021-09-20,FICO 8,5,60179.0,0,1,0,0,15,3,5,26,610,0.12279173213083311
688,20000759,Equifax,2021-02-23,FICO 8,6,30153.0,0,0,1,0,18,2,1,26,458,0.13323229600696362
689,20000761,TransUnion,2021-03-01,FICO 4,0,0.0,0,0,0,0,21,1,6,90,834,0.0
690,20000762,Experian,2021-01-24,FICO 8,4,616726.6599999999,0,0,0,1,15,1,2,92,667,0.2813668811690341
691,20000763,TransUnion,2021-03-14,FICO 8,0,59218.26,0,0,0,0,12,1,1,89,598,0.4199340509722163
692,20000765,Experian,2021-08-27,FICO 2,4,54766.0,0,0,6,1,73,7,0,0,546,0.13852781002825396
693,20000766,Equifax,2021-07-18,FICO 5,0,19553.0,0,0,0,0,21,0,4,95,0,0.09839819236788735
694,20000767,Equifax,2021-08-09,FICO 5,1,0.0,0,0,0,0,7,2,3,29,612,0.0
695,20000768,Equifax,2021-09-23,FICO 5,9,57088.0,0,0,0,0,13,1,1,77,731,0.1675235345212104
696,20000769,Equifax,2021-01-28,FICO 8,3,47836.0,0,0,6,0,55,7,5,0,523,0.2793179960294289
697,20000770,TransUnion,2021-09-07,FICO 8,1,0.0,0,0,0,0,26,1,4,53,766,0.0
698,20000771,Equifax,2021-10-29,FICO 5,2,19449.0,0,0,1,0,1,2,0,79,804,0.1773734610123119
699,20000774,Equifax,2021-12-05,FICO 8,4,0.0,0,0,8,1,47,9,4,0,478,0.0
700,20000776,TransUnion,2021-08-30,FICO 5,9,35640.0,0,0,6,0,81,6,5,0,515,0.16953264359614698
701,20000777,Equifax,2021-05-15,FICO 8,2,47453.0,0,0,0,0,28,1,2,16,481,0.045157250539806765
702,20000778,Experian,2021-11-16,FICO 5,0,226750.0,0,0,3,0,15,3,2,71,685,0.19354899286237406
703,20000779,TransUnion,2021-07-10,FICO 8,5,39563.0,0,1,3,0,15,4,2,60,664,0.28330922475402087
704,20000780,TransUnion,2021-05-17,FICO 5,4,29220.0,0,0,0,0,10,0,0,1,531,0.14542956968375786
705,20000781,Experian,2021-06-13,FICO 4,0,1646.0,0,0,0,0,29,1,5,70,0,0.05486666666666667
706,20000782,Experian,2021-03-23,VantageScore,7,831754.5700000001,0,1,6,0,68,7,5,54,425,0.7104592783293814
707,20000783,Experian,2021-01-18,FICO 5,3,90163.0,0,0,8,0,66,10,2,2,412,0.16413057922550275
708,20000784,TransUnion,2021-02-07,FICO 8,2,581.0,0,0,7,0,69,8,2,45,708,0.019366666666666667
709,20000786,Equifax,2021-08-04,FICO 8,0,34774.0,0,1,2,0,14,5,2,74,669,0.19410983220390074
710,20000787,TransUnion,2021-03-28,FICO 8,6,98823.0,0,0,0,0,14,1,0,51,693,0.06223012861888194
711,20000788,Equifax,2021-09-09,FICO 8,7,73944.0,0,0,8,0,58,8,0,0,574,0.39753342616138104
712,20000790,Equifax,2021-06-15,FICO 8,0,4021.0,0,1,0,0,14,2,6,92,806,0.02402418550184319
713,20000792,TransUnion,2021-10-19,FICO 2,5,122395.0,0,0,9,0,34,12,2,25,553,0.3322312793326873
714,20000793,Equifax,2021-04-09,FICO 8,7,54841.0,1,1,3,0,0,5,3,39,796,0.3108177804478551
715,20000794,TransUnion,2021-02-21,FICO 8,0,88021.0,0,0,0,0,7,1,3,59,777,0.05430327932063063
716,20000795,Experian,2020-12-13,FICO 8,2,0.0,0,1,1,0,7,2,2,73,0,0.0
717,20000796,Equifax,2021-02-17,FICO 5,4,10141.0,0,1,0,0,19,1,2,61,737,0.06096256041551446
718,20000797,Experian,2021-04-13,FICO 5,4,43030.0,0,1,0,0,19,1,1,60,756,0.047385275435860845
719,20000798,Equifax,2021-10-16,FICO 8,4,11582.0,0,0,4,0,26,4,2,11,549,0.05103169322823266
720,20000799,Experian,2021-03-12,FICO 8,5,102506.87000000001,0,0,0,0,22,0,3,88,0,0.07575946172260298
721,20000800,Experian,2021-05-01,FICO 9,7,4105.0,0,0,0,0,18,0,4,60,769,0.00973228510735149
722,20000801,TransUnion,2021-09-24,FICO 8,2,320626.83999999997,0,0,8,0,27,8,6,15,512,0.28061776251011966
723,20000802,Experian,2021-03-28,FICO 4,2,30448.0,0,0,0,0,5,1,1,73,685,0.227206924856354
724,20000803,Experian,2020-12-19,FICO 9,1,19001.0,0,0,0,0,11,0,0,80,790,0.09791049390668075
725,20000805,TransUnion,2021-05-29,FICO 5,3,84938.0,0,0,1,0,25,1,2,66,779,0.05985321734473489
726,20000806,Experian,2021-02-10,FICO 8,5,28156.0,0,0,0,0,22,1,0,11,524,0.23474092292300638
727,20000808,Equifax,2021-05-13,FICO 8,1,8636.0,0,0,0,0,25,0,0,28,653,0.03151824817518248
728,20000809,Experian,2021-03-01,FICO 8,11,31598.0,0,0,0,0,11,1,6,92,776,0.16985706375956178
729,20000810,TransUnion,2021-08-02,FICO 5,0,32981.0,0,0,4,0,84,4,2,0,500,0.16091039933647208
730,20000811,Equifax,2020-12-21,FICO 8,10,116540.0,0,0,1,1,13,3,3,58,459,0.4594701151237975
731,20000813,Equifax,2021-07-20,FICO 9,7,116416.48,0,0,0,0,15,3,2,87,659,0.4065303841936543
732,20000814,Equifax,2021-03-13,FICO 4,10,21016.0,0,1,6,1,99,9,3,1,456,0.11544969126985871
733,20000815,Experian,2021-10-29,FICO 8,6,0.0,0,1,0,0,8,3,0,56,765,0.0
734,20000816,Equifax,2021-04-10,VantageScore,9,8497.0,0,0,6,0,78,10,1,24,517,0.05133859790102049
735,20000817,Experian,2021-01-14,FICO 4,9,47052.0,0,0,0,0,14,1,7,100,601,0.5787311505252023
736,20000818,Experian,2020-12-11,FICO 2,0,118534.0,0,0,0,0,32,0,4,15,567,0.3134443604131519
737,20000819,TransUnion,2021-04-03,FICO 8,5,126081.0,0,0,0,0,18,0,0,30,648,0.10073851419860064
738,20000820,Experian,2021-08-07,FICO 4,4,307107.0,0,0,2,0,13,3,5,56,705,0.18601756435812683
739,20000821,TransUnion,2021-09-17,FICO 8,9,35582.0,1,1,0,0,11,6,5,17,0,0.21640261517409154
740,20000824,Equifax,2020-12-09,FICO 8,7,22564.0,0,1,0,0,23,4,1,23,664,0.02919077238338698
741,20000825,Experian,2021-06-28,FICO 5,2,34577.0,0,0,0,0,25,0,6,98,797,0.18452088714325357
742,20000827,Equifax,2020-12-16,FICO 9,4,0.0,0,0,3,0,10,7,5,54,744,0.0
743,20000828,TransUnion,2020-12-10,VantageScore,6,12511.0,0,1,4,0,53,8,0,37,609,0.08653699835378423
744,20000829,Experian,2021-05-27,FICO 8,3,43534.0,0,1,4,0,52,6,7,45,600,0.20437154365440768
745,20000831,Equifax,2021-04-22,FICO 8,3,10609.0,0,0,0,0,29,3,4,16,508,0.03393305506245102
746,20000832,TransUnion,2021-05-27,FICO 8,3,0.0,0,0,5,0,30,8,0,0,536,0.0
747,20000833,Experian,2021-03-08,FICO 8,0,21239.0,0,0,5,0,39,5,4,19,566,0.16226230585287219
748,20000834,Equifax,2021-02-11,FICO 8,5,5158.0,0,1,0,0,17,1,7,87,849,0.07533116209782244
749,20000835,Experian,2021-11-10,FICO 8,2,3191.0,0,0,4,0,62,4,1,45,705,0.014646886561217652
750,20000836,TransUnion,2021-05-22,FICO 8,3,0.0,0,1,0,1,21,2,2,51,711,0.0
751,20000837,Experian,2021-05-17,FICO 5,2,15187.0,0,0,3,0,55,3,4,0,548,0.09789348837808919
752,20000838,TransUnion,2020-12-16,FICO 8,2,52342.0,0,0,0,0,16,1,1,9,571,0.12248670810244122
753,20000839,Equifax,2021-01-05,FICO 8,10,20711.0,0,1,6,0,66,7,2,3,566,0.2400106614749919
754,20000841,Equifax,2021-01-11,FICO 4,6,145311.0,0,0,0,0,9,0,6,85,782,0.1642527967771361
755,20000842,Equifax,2021-04-27,FICO 8,7,59322.0,0,0,0,1,13,2,3,23,448,0.20277420766222756
756,20000843,Equifax,2021-08-02,FICO 8,1,0.0,0,1,0,0,25,1,5,81,805,0.0
757,20000844,Equifax,2021-02-02,VantageScore,1,234813.0,0,0,1,0,11,3,2,86,818,0.0998400012245455
758,20000845,Experian,2021-10-22,FICO 2,5,0.0,0,0,0,0,6,3,6,58,809,0.0
759,20000847,Experian,2021-06-20,FICO 8,3,99232.03,0,0,4,0,42,7,2,14,547,0.28835036627854604
760,20000849,TransUnion,2021-02-06,FICO 8,6,174339.0,0,0,8,0,55,8,2,4,476,0.16418250599654757
761,20000850,Experian,2021-06-26,FICO 8,0,188569.0,0,1,2,0,9,3,1,38,642,0.168275631895884
762,20000851,Equifax,2021-07-20,FICO 4,0,145.0,0,1,5,0,80,6,4,55,741,0.0009218523510413752
763,20000852,Experian,2021-02-17,VantageScore,1,329437.22,0,1,0,1,22,2,3,83,694,0.20481861238944213
764,20000853,Experian,2021-04-04,FICO 8,11,36834.0,0,0,0,1,22,1,0,71,803,0.10673953802418548
765,20000854,Equifax,2021-10-07,FICO 4,3,6717.0,0,1,0,1,10,2,0,91,815,0.11248241677272423
766,20000855,TransUnion,2021-04-05,FICO 4,3,28428.0,0,0,4,0,68,5,1,32,514,0.235136476426799
767,20000856,Equifax,2021-11-25,FICO 9,1,31328.0,0,0,3,0,6,9,0,13,467,0.1898528591859986
768,20000857,Equifax,2021-06-01,FICO 8,1,19286.0,0,0,0,0,9,0,2,45,707,0.05433762808899808
769,20000858,Equifax,2021-03-26,FICO 2,5,17947.0,0,0,0,0,1,1,2,95,819,0.08544440900196626
770,20000859,Equifax,2021-10-23,FICO 8,3,1001.0,0,0,0,0,12,0,4,98,808,0.007025941939468808
771,20000860,Experian,2021-08-08,FICO 8,5,81368.0,0,0,3,0,4,3,2,43,645,0.27161688959805586
772,20000861,Experian,2021-06-20,FICO 8,8,0.0,0,0,0,0,6,1,2,65,745,0.0
773,20000863,TransUnion,2021-06-11,VantageScore,1,12673.0,1,1,0,0,16,2,7,67,809,0.07494204749739805
774,20000864,TransUnion,2021-10-29,FICO 8,5,12552.0,0,0,0,0,14,0,0,85,735,0.12080498156934834
775,20000865,Experian,2020-12-19,FICO 9,7,15408.0,0,0,0,0,19,5,1,18,582,0.06197484484166409
776,20000867,Equifax,2021-02-24,FICO 5,5,247427.09,0,0,0,0,12,0,2,67,722,0.21987479883303163
777,20000868,TransUnion,2021-08-14,FICO 8,4,35555.0,0,0,0,0,16,2,0,42,645,0.09813202766630419
778,20000869,TransUnion,2021-05-01,FICO 8,6,86275.0,0,0,1,0,17,3,6,73,654,0.37245616004282545
779,20000870,TransUnion,2021-03-23,FICO 8,6,962695.84,0,0,10,1,57,11,4,41,541,0.33017215875632216
780,20000871,Equifax,2021-10-12,FICO 5,5,35992.0,0,0,0,0,14,0,2,90,0,0.23041515956595499
781,20000872,TransUnion,2020-12-28,VantageScore,8,133735.0,0,1,7,1,37,9,0,0,736,0.502042180027179
782,20000873,TransUnion,2021-01-29,FICO 8,4,23430.0,0,0,0,0,0,1,1,62,773,0.08493531068633386
783,20000874,TransUnion,2021-10-12,FICO 8,9,20145.0,0,1,0,0,13,1,0,88,766,0.1144654302468294
784,20000875,Equifax,2021-07-26,FICO 8,1,32443.0,0,0,0,0,15,0,5,81,733,0.1520946237365687
785,20000876,TransUnion,2021-02-23,FICO 4,1,396160.49,0,0,0,1,17,1,1,96,670,0.40559420562871834
786,20000877,Equifax,2021-04-15,FICO 5,10,87001.0,0,0,6,0,25,6,7,44,801,0.2798386603923486
787,20000878,TransUnion,2021-04-28,FICO 8,3,0.0,0,0,3,0,25,3,6,50,705,0.0
788,20000879,Equifax,2021-04-26,FICO 5,5,33789.0,0,0,0,0,28,0,1,78,681,0.22320207685142981
789,20000880,TransUnion,2021-02-05,FICO 8,4,61710.0,0,0,0,0,23,1,3,53,696,0.11698556021694746
790,20000881,TransUnion,2021-10-18,FICO 5,10,410594.0,0,0,2,0,13,3,0,90,597,0.4756715802351284
791,20000882,Experian,2021-07-27,FICO 4,1,157214.0,0,1,3,1,4,8,0,8,542,0.17323264990397022
792,20000883,Experian,2021-03-10,FICO 8,3,37223.0,0,0,0,0,15,0,2,42,633,0.2562085295008397
793,20000884,Experian,2020-12-31,FICO 8,11,16711.0,0,0,2,0,21,2,0,0,576,0.05098703279938978
794,20000885,TransUnion,2021-08-04,FICO 8,2,104580.0,0,0,0,1,20,1,5,96,725,0.3153267240755482
795,20000886,Equifax,2021-08-09,FICO 8,0,473.0,0,0,3,0,23,3,4,36,633,0.015766666666666665
796,20000888,Equifax,2021-05-06,FICO 8,1,14994.0,0,0,1,0,14,3,3,71,690,0.16953675331576984
797,20000889,TransUnion,2021-03-13,FICO 9,0,121365.0,0,0,0,0,3,0,3,16,469,0.12998439523224542
798,20000890,Equifax,2021-06-12,VantageScore,8,22705.0,0,1,0,0,18,1,0,55,687,0.11623620958865538
799,20000891,Experian,2021-11-16,FICO 8,4,22346.0,0,0,0,0,15,5,4,69,800,0.11512800300880488
800,20000892,Equifax,2021-09-17,FICO 8,1,6078.0,0,0,0,0,19,2,4,94,815,0.023588951459852597
801,20000893,Equifax,2021-05-31,FICO 8,5,15333.0,0,0,0,0,11,2,0,88,830,0.08253754642837918
802,20000894,Experian,2020-12-13,FICO 9,4,174810.0,0,0,0,0,18,1,4,90,756,0.18061384530503188
803,20000895,Equifax,2021-09-19,FICO 9,5,19366.0,0,0,0,0,26,0,2,54,730,0.13004210285990558
804,20000896,Equifax,2021-06-11,FICO 9,4,101297.0,0,0,4,0,35,5,6,56,721,0.16021136506339845
805,20000897,TransUnion,2021-01-15,FICO 5,3,27711.0,0,1,0,0,25,1,5,63,697,0.16536772253121046
806,20000898,TransUnion,2021-06-03,VantageScore,6,381989.0,0,0,0,0,5,1,5,64,0,0.32097542366614906
807,20000899,Equifax,2021-06-22,VantageScore,2,0.0,0,1,0,0,7,1,2,88,810,0.0
808,20000900,Equifax,2021-01-31,FICO 2,1,0.0,0,0,1,0,13,3,2,54,776,0.0
809,20000901,TransUnion,2020-12-18,FICO 4,0,83864.0,0,0,0,1,13,1,0,53,661,0.29345855874140064
810,20000902,Experian,2021-03-12,VantageScore,0,38743.0,0,1,0,1,25,3,6,79,747,0.2145226216909098
811,20000903,Equifax,2021-07-16,FICO 8,6,89275.0,0,0,0,0,2,3,5,33,560,0.249189836460011
812,20000904,Experian,2021-11-19,FICO 9,0,58933.0,0,0,3,0,14,3,1,42,637,0.15269238442425231
813,20000905,Equifax,2021-04-02,FICO 8,3,71817.0,0,0,2,0,17,2,0,21,540,0.20769864796471693
814,20000906,TransUnion,2021-01-23,FICO 8,5,14547.0,0,0,4,1,56,5,0,0,510,0.0431666844710323
815,20000907,Experian,2021-12-07,FICO 9,8,1598.0,0,1,2,0,9,5,2,51,698,0.053266666666666664
816,20000908,TransUnion,2021-11-28,FICO 9,0,0.0,0,0,0,0,17,0,5,68,759,0.0
817,20000909,Experian,2021-07-20,FICO 8,3,554.0,0,0,0,0,15,0,6,56,0,0.004000375486507759
818,20000910,Experian,2020-12-10,FICO 8,0,10303.0,0,1,0,0,22,1,5,80,827,0.030658580712738352
819,20000911,Equifax,2021-09-17,FICO 8,3,34903.0,0,0,3,0,4,3,1,99,744,0.3473004437899262
820,20000912,Equifax,2021-08-24,FICO 5,4,189010.74,0,0,0,0,32,1,4,91,657,0.5275061817978844
821,20000913,Equifax,2021-11-19,FICO 4,6,131663.0,0,0,0,0,9,0,0,63,699,0.1379237738671516
822,20000914,TransUnion,2021-03-27,FICO 8,6,20691.0,0,0,0,1,14,1,6,100,793,0.13373881793267492
823,20000915,TransUnion,2020-12-20,FICO 8,3,20864.0,0,0,1,0,5,2,4,71,0,0.08578241920894664
824,20000916,Equifax,2021-04-12,FICO 5,8,50638.0,0,1,0,0,9,1,1,88,752,0.12971762759016423
825,20000917,Experian,2021-04-26,FICO 8,6,106022.0,0,0,0,0,17,1,3,80,748,0.13843757304004586
826,20000918,Experian,2021-11-05,FICO 8,4,0.0,0,0,0,1,0,1,4,71,0,0.0
827,20000919,TransUnion,2021-01-27,FICO 8,2,0.0,0,0,0,0,5,3,3,16,369,0.0
828,20000920,Equifax,2021-05-29,FICO 8,4,163481.0,0,0,4,0,27,4,2,81,0,0.14116043042097465
829,20000921,TransUnion,2021-07-07,FICO 8,4,40436.0,0,0,6,0,30,6,3,22,478,0.13072757544897595
830,20000922,Equifax,2021-06-22,FICO 5,6,59038.0,0,0,6,0,54,6,2,0,479,0.04357453165386597
831,20000923,TransUnion,2021-10-18,FICO 8,7,373877.06,0,1,2,0,26,4,6,89,453,1.0314162912529758
832,20000924,TransUnion,2021-08-05,FICO 8,5,38660.0,0,0,0,0,20,0,6,94,765,0.23005742509446875
833,20000925,Equifax,2021-04-24,FICO 4,4,11217.0,0,0,3,0,11,3,4,86,793,0.15640861174633275
834,20000926,TransUnion,2020-12-09,FICO 9,4,0.0,0,0,0,0,7,4,3,0,545,0.0
835,20000927,Experian,2021-09-19,FICO 5,6,132197.0,0,0,0,0,15,1,7,96,824,0.08959040263057487
836,20000928,Equifax,2021-10-30,FICO 2,0,27278.0,0,1,8,1,61,15,4,0,578,0.11681876774572068
837,20000929,TransUnion,2021-08-22,FICO 8,10,25213.0,0,0,0,0,19,0,0,91,777,0.12580835096403337
838,20000930,Experian,2021-01-05,FICO 8,3,4965.0,0,0,1,0,30,2,0,35,619,0.03537282170387997
839,20000931,Experian,2021-05-25,FICO 9,1,0.0,0,0,0,0,13,1,3,54,787,0.0
840,20000933,Experian,2021-04-16,FICO 5,0,21546.0,0,0,0,0,20,3,4,34,651,0.06248749293078697
841,20000934,TransUnion,2021-06-05,FICO 8,8,64050.09,0,0,0,0,13,3,0,48,562,0.3825027769483428
842,20000935,TransUnion,2021-03-31,FICO 5,1,27223.0,0,0,0,0,27,2,3,72,715,0.21144734593696116
843,20000936,Equifax,2021-06-14,FICO 8,8,27230.0,0,0,0,0,21,1,1,0,489,0.1740136245702381
844,20000937,TransUnion,2021-03-23,FICO 9,4,59556.0,0,0,0,0,2,1,0,97,774,0.20965993100049285
845,20000938,Equifax,2021-08-18,VantageScore,3,420181.0,0,0,0,1,12,1,0,26,576,0.35951377029094383
846,20000939,Equifax,2021-10-02,FICO 8,7,0.0,0,0,2,1,6,5,1,32,602,0.0
847,20000941,Experian,2021-09-23,FICO 8,1,27046.0,0,0,0,0,33,1,3,20,542,0.07869209238450482
848,20000942,Equifax,2021-03-12,FICO 4,1,271697.8,0,0,0,1,18,3,2,10,542,0.23214038241528773
849,20000943,TransUnion,2021-08-01,FICO 5,4,233611.0,0,0,5,1,66,8,5,76,708,0.21005841075275777
850,20000944,TransUnion,2020-12-09,FICO 8,0,3073.0,0,0,2,0,21,3,5,81,0,0.013456469001515111
851,20000945,TransUnion,2021-05-28,FICO 5,4,22396.0,0,0,0,1,18,1,3,63,692,0.1415676359039191
852,20000946,Equifax,2021-10-05,FICO 8,1,442331.51,0,0,0,0,34,3,4,42,513,0.39041112490942104
853,20000947,TransUnion,2021-06-04,FICO 8,5,0.0,0,0,0,0,6,0,4,78,793,0.0
854,20000948,TransUnion,2021-01-26,FICO 4,3,0.0,0,0,0,0,11,0,0,66,796,0.0
855,20000949,Equifax,2021-08-03,VantageScore,5,0.0,0,1,4,0,29,6,2,11,574,0.0
856,20000950,Experian,2021-01-13,FICO 5,2,29786.0,0,0,3,0,27,4,0,49,729,0.07031069272060317
857,20000951,Equifax,2021-03-30,FICO 9,1,33950.0,0,0,0,0,30,4,4,67,779,0.09337158038619256
858,20000952,Equifax,2021-02-16,FICO 5,5,151390.88,0,1,3,0,17,6,3,0,423,0.4318260725705468
859,20000953,Equifax,2021-11-08,FICO 8,7,79224.0,0,0,0,0,17,1,2,51,799,0.4151700790785178
860,20000954,Equifax,2021-02-13,VantageScore,4,29914.0,0,1,0,0,12,1,2,18,573,0.16709958160865607
861,20000956,Equifax,2021-01-08,FICO 2,5,320538.11,0,0,5,1,54,8,3,18,457,0.3779346704695383
862,20000957,Experian,2021-11-19,VantageScore,0,338722.43,0,0,0,0,24,1,3,60,664,0.26798953905212197
863,20000959,Experian,2021-09-20,FICO 8,6,0.0,0,0,1,0,25,5,0,0,546,0.0
864,20000960,Equifax,2021-03-06,FICO 8,1,18317.0,0,0,6,0,58,6,4,35,667,0.18544917030302416
865,20000961,Equifax,2021-06-10,FICO 8,9,24618.0,0,0,0,0,14,0,1,32,631,0.12036493780802629
866,20000962,TransUnion,2021-10-17,FICO 8,8,738667.1799999999,0,0,0,0,13,0,0,64,716,0.22297575834596373
867,20000963,Experian,2021-01-28,FICO 8,9,233311.0,0,0,0,0,20,2,3,76,0,0.1015866892442925
868,20000964,Equifax,2021-11-24,VantageScore,7,285565.0,0,1,0,0,27,1,4,34,402,0.7127186961838919
869,20000965,Experian,2021-06-21,FICO 8,4,0.0,0,0,3,0,14,3,0,27,640,0.0
870,20000966,TransUnion,2021-10-22,FICO 8,0,16355.0,0,0,2,0,19,6,3,49,666,0.11646952422323978
871,20000967,Experian,2021-04-05,FICO 2,6,414174.59,0,0,3,1,1,5,4,99,704,0.39150378057806595
872,20000968,Equifax,2021-08-20,FICO 5,5,329143.0,0,0,0,0,10,2,4,70,657,0.3305853438552404
873,20000969,Experian,2021-02-21,FICO 5,5,2969.0,0,0,0,0,15,0,0,51,0,0.05213528130926459
874,20000970,Equifax,2021-06-01,FICO 5,7,14473.0,0,0,5,0,54,5,6,34,673,0.10038146760993202
875,20000971,TransUnion,2021-01-08,FICO 8,0,21361.0,0,0,0,0,14,0,4,24,501,0.1043863678567589
876,20000972,Equifax,2021-11-24,FICO 8,5,149305.0,0,0,0,0,16,1,3,27,544,0.2632497650578936
877,20000974,TransUnion,2021-06-01,FICO 8,2,0.0,0,0,3,0,26,4,0,30,644,0.0
878,20000975,Experian,2021-05-03,FICO 4,0,288974.05,0,0,0,1,12,3,4,12,569,0.4401395321917109
879,20000976,Equifax,2021-01-18,FICO 8,2,160904.0,0,1,8,0,57,9,0,24,569,0.23402005628558756
880,20000977,TransUnion,2021-03-18,FICO 8,6,728253.0,0,0,10,0,34,14,0,4,468,0.650511072264716
881,20000978,TransUnion,2020-12-23,FICO 8,5,10732.0,0,0,0,0,36,2,5,34,623,0.06444174903025135
882,20000979,Equifax,2021-04-21,FICO 8,0,27211.0,0,0,7,0,47,7,1,10,555,0.16970388664371602
883,20000980,Equifax,2021-04-20,FICO 8,4,268263.99,0,0,0,0,37,0,8,15,484,0.23953296855384099
884,20000982,TransUnion,2021-06-01,VantageScore,3,25102.0,0,0,3,0,11,3,5,44,631,0.15577855143695815
885,20000983,TransUnion,2021-06-28,VantageScore,4,10897.0,0,1,2,0,15,3,2,60,747,0.05850518369779391
886,20000984,TransUnion,2021-02-04,VantageScore,4,31233.0,0,0,3,0,77,3,5,10,433,0.17279190063898647
887,20000985,TransUnion,2021-03-02,FICO 8,6,132185.0,0,0,2,0,20,2,0,20,588,0.16127595715087478
888,20000986,TransUnion,2021-02-08,FICO 8,7,22774.0,0,1,0,0,0,3,0,23,510,0.074943810241509
889,20000988,Equifax,2021-04-20,FICO 4,3,41545.0,0,1,0,0,20,1,0,47,635,0.2747975976293788
890,20000989,TransUnion,2021-08-18,FICO 2,5,15152.0,0,0,0,0,19,3,3,26,650,0.11489668246445497
891,20000990,TransUnion,2021-02-13,FICO 8,7,268124.0,0,0,6,0,67,8,5,0,411,0.3061999657397362
892,20000991,Experian,2021-10-02,FICO 8,2,5203.0,0,0,1,0,14,4,2,10,589,0.04751554780321641
893,20000993,TransUnion,2021-01-29,FICO 8,0,8476.0,0,0,0,0,14,2,1,48,682,0.04192034343424352
894,20000994,TransUnion,2021-02-13,FICO 8,2,476350.70999999996,0,0,0,0,11,0,3,18,542,0.31815530310367096
895,20000995,TransUnion,2021-03-03,FICO 9,0,0.0,0,1,3,0,16,5,0,47,736,0.0
896,20000996,Experian,2021-03-19,FICO 9,7,13460.0,0,0,7,0,86,7,3,0,584,0.06380749666977961
897,20000997,Experian,2021-11-07,FICO 8,8,53532.56,0,0,0,1,9,1,4,58,653,0.35794563872822704
898,20000998,Experian,2020-12-09,FICO 8,0,50948.0,0,0,0,0,1,0,2,77,0,0.12541509224956
899,20000999,Experian,2020-12-21,FICO 5,2,101936.55,0,0,1,0,4,6,3,5,509,0.26053271209573126
