date,income
7/1/2015,18390
7/2/2015,17245
7/3/2015,15000
7/4/2015,14276
7/5/2015,13627
7/6/2015,14626
7/7/2015,15653
7/8/2015,14140
7/9/2015,17249
7/10/2015,14495
7/11/2015,11838
7/12/2015,10896
7/13/2015,11558
7/14/2015,10566
7/15/2015,16569
7/16/2015,20109
7/17/2015,12700
7/18/2015,11846
7/19/2015,11885
7/20/2015,11777
7/21/2015,11998
7/22/2015,12669
7/23/2015,14879
7/24/2015,12358
7/25/2015,10348
7/26/2015,10046
7/27/2015,9995
7/28/2015,9190
7/29/2015,10114
7/30/2015,9104
7/31/2015,9471
8/1/2015,10241
8/2/2015,11371
8/3/2015,8710
8/4/2015,9283
8/5/2015,8793
8/6/2015,14233
8/7/2015,15776
8/8/2015,8243
8/9/2015,8736
8/10/2015,9450
8/11/2015,9598
8/12/2015,9306
8/13/2015,9928
8/14/2015,12240
8/15/2015,12413
8/16/2015,9942
8/17/2015,8923
8/18/2015,8895
8/19/2015,9347
8/20/2015,10283
8/21/2015,9410
8/22/2015,8409
8/23/2015,9603
8/24/2015,8434
8/25/2015,8013
8/26/2015,7802
8/27/2015,8442
8/28/2015,8428
8/29/2015,7251
8/30/2015,7917
8/31/2015,7342
9/1/2015,6950
9/2/2015,7331
9/3/2015,9136
9/4/2015,7642
9/5/2015,7876
9/6/2015,8407
9/7/2015,7256
9/8/2015,9747
9/9/2015,7761
9/10/2015,7639
9/11/2015,7402
9/12/2015,6777
9/13/2015,7855
9/14/2015,8700
9/15/2015,7777
9/16/2015,6960
9/17/2015,7848
9/18/2015,7559
9/19/2015,6309
9/20/2015,6715
9/21/2015,7021
9/22/2015,6892
9/23/2015,105764
9/24/2015,8555
9/25/2015,8852
9/26/2015,7568
9/27/2015,8301
9/28/2015,8485
9/29/2015,9199
9/30/2015,8481
10/1/2015,10447
10/2/2015,9259
10/3/2015,7826
10/4/2015,8058
10/5/2015,8277
10/6/2015,8617
10/7/2015,9051
10/8/2015,9323
10/9/2015,8165
10/10/2015,7095
10/11/2015,7862
10/12/2015,7554
10/13/2015,8476
10/14/2015,9074
10/15/2015,8713
10/16/2015,9908
10/17/2015,7900
10/18/2015,8097
10/19/2015,8311
10/20/2015,8358
10/21/2015,9302
10/22/2015,10638
10/23/2015,9432
10/24/2015,14408
10/25/2015,30806
10/26/2015,20321
10/27/2015,13925
10/28/2015,18433
10/29/2015,15919
10/30/2015,14447
10/31/2015,13294
11/1/2015,11309
11/2/2015,11188
11/3/2015,23002
11/4/2015,14015
11/5/2015,18478
11/6/2015,12243
11/7/2015,12959
11/8/2015,12234
11/9/2015,11473
11/10/2015,10872
11/11/2015,14194
11/12/2015,13407
11/13/2015,13190
11/14/2015,16017
11/15/2015,15548
11/16/2015,11172
11/17/2015,10935
11/18/2015,14621
11/19/2015,11421
11/20/2015,14348
11/21/2015,13352
11/22/2015,13941
11/23/2015,11637
11/24/2015,13844
11/25/2015,13130
11/26/2015,14092
11/27/2015,10565
11/28/2015,15292
11/29/2015,13574
11/30/2015,28525
12/1/2015,21280
12/2/2015,21607
12/3/2015,18046
12/4/2015,15306
12/5/2015,18927
12/6/2015,18246
12/7/2015,16264
12/8/2015,22109
12/9/2015,18320
12/10/2015,14222
12/11/2015,13158
12/12/2015,14949
12/13/2015,13833
12/14/2015,11821
12/15/2015,11102
12/16/2015,14787
12/17/2015,13478
12/18/2015,25767
12/19/2015,15959
12/20/2015,13016
12/21/2015,11346
12/22/2015,12185
12/23/2015,11653
12/24/2015,17545
12/25/2015,28653
12/26/2015,33568
12/27/2015,16174
12/28/2015,13037
12/29/2015,18278
12/30/2015,24462
12/31/2015,15875
1/1/2016,12880
1/2/2016,15529
1/3/2016,15545
1/4/2016,11629
1/5/2016,12847
1/6/2016,13137
1/7/2016,14826
1/8/2016,13664
1/9/2016,15534
1/10/2016,11983
1/11/2016,12849
1/12/2016,11979
1/13/2016,13160
1/14/2016,12768
1/15/2016,17395
1/16/2016,15207
1/17/2016,12802
1/18/2016,12493
1/19/2016,20935
1/20/2016,13659
1/21/2016,14421
1/22/2016,21253
1/23/2016,19922
1/24/2016,22205
1/25/2016,15050
1/26/2016,17320
1/27/2016,15165
1/28/2016,15614
1/29/2016,13976
1/30/2016,17718
1/31/2016,19796
2/1/2016,13919
2/2/2016,15374
2/3/2016,13136
2/4/2016,17842
2/5/2016,12976
2/6/2016,12956
2/7/2016,14659
2/8/2016,13382
2/9/2016,13678
2/10/2016,17296
2/11/2016,27318
2/12/2016,16671
2/13/2016,15032
2/14/2016,16555
2/15/2016,36324
2/16/2016,15869
2/17/2016,13511
2/18/2016,13797
2/19/2016,15310
2/20/2016,11727
2/21/2016,16729
2/22/2016,18154
2/23/2016,14139
2/24/2016,12221
2/25/2016,13538
2/26/2016,13615
2/27/2016,14099
2/28/2016,18733
2/29/2016,13758
3/1/2016,14052
3/2/2016,12780
3/3/2016,12126
3/4/2016,13322
3/5/2016,13963
3/6/2016,16279
3/7/2016,11711
3/8/2016,13955
3/9/2016,10728
3/10/2016,13910
3/11/2016,20296
3/12/2016,11176
3/13/2016,15009
3/14/2016,14002
3/15/2016,14893
3/16/2016,11614
3/17/2016,11455
3/18/2016,9923
3/19/2016,10367
3/20/2016,13485
3/21/2016,10289
3/22/2016,12985
3/23/2016,13076
3/24/2016,15943
3/25/2016,14341
3/26/2016,11302
3/27/2016,12966
3/28/2016,12621
3/29/2016,12387
3/30/2016,12836
3/31/2016,12385
4/1/2016,15806
4/2/2016,18951
4/3/2016,15535
4/4/2016,14229
4/5/2016,14324
4/6/2016,13842
4/7/2016,11663
4/8/2016,14409
4/9/2016,13412
4/10/2016,16900
4/11/2016,16476
4/12/2016,18619
4/13/2016,23570
4/14/2016,56649
4/15/2016,25772
4/16/2016,20309
4/17/2016,29048
4/18/2016,21942
4/19/2016,17286
4/20/2016,15766
4/21/2016,22093
4/22/2016,15062
4/23/2016,16918
4/24/2016,14389
4/25/2016,22704
4/26/2016,14785
4/27/2016,12789
4/28/2016,13764
4/29/2016,10669
4/30/2016,11684
5/1/2016,14087
5/2/2016,16993
5/3/2016,26080
5/4/2016,17392
5/5/2016,22325
5/6/2016,14731
5/7/2016,20399
5/8/2016,23493
5/9/2016,22126
5/10/2016,30343
5/11/2016,25910
5/12/2016,27566
5/13/2016,22746
5/14/2016,24270
5/15/2016,25873
5/16/2016,22557
5/17/2016,29340
5/18/2016,64640
5/19/2016,40217
5/20/2016,64823
5/21/2016,24400
5/22/2016,37260
5/23/2016,22438
5/24/2016,35952
5/25/2016,23958
5/26/2016,40370
5/27/2016,26629
5/28/2016,106074
5/29/2016,42960
5/30/2016,27160
5/31/2016,70582
6/1/2016,41067
6/2/2016,56087
6/3/2016,107811
6/4/2016,27211
6/5/2016,29222
6/6/2016,99396
6/7/2016,32077
6/8/2016,30499
6/9/2016,87637
6/10/2016,27749
6/11/2016,101267
6/12/2016,34506
6/13/2016,34200
6/14/2016,109040
6/15/2016,30274
6/16/2016,29901
6/17/2016,188195
6/18/2016,59556
6/19/2016,72448
6/20/2016,1129366
6/21/2016,224850
6/22/2016,128620
6/23/2016,96121
6/24/2016,68798
6/25/2016,43856
6/26/2016,39685
6/27/2016,34334
6/28/2016,31492
6/29/2016,35657
6/30/2016,28429
7/1/2016,30016
7/2/2016,25475
7/3/2016,25062
7/4/2016,48978
7/5/2016,45710
7/6/2016,32945
7/7/2016,37920
7/8/2016,26944
7/9/2016,25497
7/10/2016,21804
7/11/2016,24315
7/12/2016,21576
7/13/2016,20190
7/14/2016,28183
7/15/2016,17605
7/16/2016,16026
7/17/2016,16677
7/18/2016,16768
7/19/2016,15415
7/20/2016,13947
7/21/2016,14466
7/22/2016,13958
7/23/2016,15877
7/24/2016,14949
7/25/2016,14652
7/26/2016,13650
7/27/2016,14005
7/28/2016,13248
7/29/2016,12722
7/30/2016,12963
7/31/2016,12614
8/1/2016,12471
8/2/2016,15860
8/3/2016,14911
8/4/2016,12723
8/5/2016,12276
8/6/2016,15896
8/7/2016,14541
8/8/2016,15504
8/9/2016,13972
8/10/2016,15686
8/11/2016,17516
8/12/2016,20682
8/13/2016,13402
8/14/2016,12449
8/15/2016,11799
8/16/2016,9884
8/17/2016,12992
8/18/2016,16810
8/19/2016,14164
8/20/2016,11691
8/21/2016,21603
8/22/2016,15364
8/23/2016,12124
8/24/2016,11040
8/25/2016,10403
8/26/2016,9851
8/27/2016,9794
8/28/2016,9760
8/29/2016,9589
8/30/2016,9413
8/31/2016,9480
9/1/2016,9867
9/2/2016,8794
9/3/2016,9095
9/4/2016,9430
9/5/2016,9904
9/6/2016,8920
9/7/2016,12768
9/8/2016,11486
9/9/2016,11716
9/10/2016,11326
9/11/2016,9727
9/12/2016,9084
9/13/2016,9174
9/14/2016,9664
9/15/2016,9420
9/16/2016,9253
9/17/2016,8905
9/18/2016,9776
9/19/2016,9513
9/20/2016,9132
9/21/2016,8735
9/22/2016,9125
9/23/2016,9502
9/24/2016,10588
9/25/2016,9588
9/26/2016,10832
9/27/2016,11247
9/28/2016,14152
9/29/2016,12195
9/30/2016,10084
10/1/2016,9643
10/2/2016,9584
10/3/2016,13279
10/4/2016,10783
10/5/2016,10659
10/6/2016,12670
10/7/2016,13419
10/8/2016,9878
10/9/2016,9726
10/10/2016,8890
10/11/2016,9522
10/12/2016,9896
10/13/2016,10778
10/14/2016,11137
10/15/2016,11394
10/16/2016,10850
10/17/2016,10498
10/18/2016,12016
10/19/2016,12971
10/20/2016,11647
10/21/2016,10858
10/22/2016,10467
10/23/2016,11358
10/24/2016,11894
10/25/2016,20375
10/26/2016,35512
10/27/2016,18374
10/28/2016,17404
10/29/2016,17231
10/30/2016,15284
10/31/2016,15189
11/1/2016,14513
11/2/2016,22735
11/3/2016,31620
11/4/2016,26618
11/5/2016,18925
11/6/2016,32437
11/7/2016,18943
11/8/2016,16141
11/9/2016,12080
11/10/2016,13154
11/11/2016,14017
11/12/2016,19809
11/13/2016,13482
11/14/2016,12700
11/15/2016,14006
11/16/2016,19198
11/17/2016,16712
11/18/2016,12951
11/19/2016,12704
11/20/2016,12090
11/21/2016,11309
11/22/2016,11675
11/23/2016,11717
11/24/2016,14677
11/25/2016,11251
11/26/2016,18867
11/27/2016,17211
11/28/2016,13938
11/29/2016,13568
11/30/2016,13228
12/1/2016,14324
12/2/2016,16461
12/3/2016,19898
12/4/2016,11246
12/5/2016,11682
12/6/2016,15273
12/7/2016,13512
12/8/2016,19233
12/9/2016,12242
12/10/2016,21808
12/11/2016,21910
12/12/2016,15461
12/13/2016,15094
12/14/2016,15584
12/15/2016,13661
12/16/2016,12059
12/17/2016,11875
12/18/2016,13148
12/19/2016,14163
12/20/2016,12148
12/21/2016,31752
12/22/2016,19656
12/23/2016,16977
12/24/2016,15210
12/25/2016,43259
12/26/2016,25718
12/27/2016,20835
12/28/2016,19266
12/29/2016,22462
12/30/2016,44191
12/31/2016,23240
1/1/2017,17399
1/2/2017,15908
1/3/2017,18030
1/4/2017,15909
1/5/2017,22599
1/6/2017,17553
1/7/2017,18318
1/8/2017,15319
1/9/2017,15671
1/10/2017,14256
1/11/2017,14706
1/12/2017,16084
1/13/2017,14900
1/14/2017,15661
1/15/2017,13264
1/16/2017,13916
1/17/2017,28965
1/18/2017,18367
1/19/2017,17426
1/20/2017,19949
1/21/2017,14936
1/22/2017,24227
1/23/2017,14589
1/24/2017,16955
1/25/2017,15805
1/26/2017,17597
1/27/2017,17584
1/28/2017,14562
1/29/2017,18267
1/30/2017,16046
1/31/2017,22712
2/1/2017,19771
2/2/2017,19809
2/3/2017,15513
2/4/2017,14287
2/5/2017,25653
2/6/2017,20116
2/7/2017,28525
2/8/2017,19667
2/9/2017,19809
2/10/2017,18753
2/11/2017,14209
2/12/2017,20948
2/13/2017,16523
2/14/2017,15352
2/15/2017,19937
2/16/2017,24320
2/17/2017,17752
2/18/2017,18568
2/19/2017,22584
2/20/2017,41971
2/21/2017,18672
2/22/2017,16520
2/23/2017,18375
2/24/2017,21748
2/25/2017,16795
2/26/2017,19076
2/27/2017,15366
2/28/2017,19050
3/1/2017,16962
3/2/2017,20436
3/3/2017,15700
3/4/2017,18131
3/5/2017,14755
3/6/2017,16691
3/7/2017,22583
3/8/2017,31836
3/9/2017,17131
3/10/2017,16143
3/11/2017,13937
3/12/2017,16519
3/13/2017,18204
3/14/2017,16286
3/15/2017,17556
3/16/2017,16476
3/17/2017,15866
3/18/2017,14527
3/19/2017,16298
3/20/2017,17230
3/21/2017,16937
3/22/2017,23123
3/23/2017,18384
3/24/2017,15404
3/25/2017,17875
3/26/2017,18631
3/27/2017,15902
3/28/2017,23482
3/29/2017,15796
3/30/2017,17744
3/31/2017,35497
4/1/2017,17812
4/2/2017,16315
4/3/2017,17372
4/4/2017,16743
4/5/2017,18796
4/6/2017,25073
4/7/2017,15895
4/8/2017,13698
4/9/2017,14334
4/10/2017,16593
4/11/2017,15954
4/12/2017,14805
4/13/2017,20732
4/14/2017,18554
4/15/2017,30567
4/16/2017,26770
4/17/2017,23233
4/18/2017,27008
4/19/2017,19270
4/20/2017,20322
4/21/2017,47730
4/22/2017,22476
4/23/2017,35361
4/24/2017,28634
4/25/2017,23977
4/26/2017,22537
4/27/2017,20293
4/28/2017,17715
4/29/2017,15930
4/30/2017,16373
5/1/2017,21917
5/2/2017,37288
5/3/2017,26682
5/4/2017,51204
5/5/2017,35955
5/6/2017,46347
5/7/2017,50666
5/8/2017,45677
5/9/2017,35880
5/10/2017,26789
5/11/2017,29360
5/12/2017,32110
5/13/2017,24202
5/14/2017,23708
5/15/2017,22602
5/16/2017,33139
5/17/2017,35133
5/18/2017,82687
5/19/2017,39829
5/20/2017,72809
5/21/2017,44914
5/22/2017,51735
5/23/2017,38988
5/24/2017,53518
5/25/2017,34593
5/26/2017,146515
5/27/2017,51587
5/28/2017,38714
5/29/2017,40178
5/30/2017,36688
5/31/2017,48069
6/1/2017,76221
6/2/2017,154308
6/3/2017,38338
6/4/2017,36404
6/5/2017,154061
6/6/2017,46449
6/7/2017,42120
6/8/2017,168433
6/9/2017,69505
6/10/2017,168023
6/11/2017,43818
6/12/2017,43664
6/13/2017,330801
6/14/2017,82886
6/15/2017,63572
6/16/2017,45710
6/17/2017,31851
6/18/2017,30634
6/19/2017,29539
6/20/2017,29289
6/21/2017,27347
6/22/2017,22671
6/23/2017,28384
6/24/2017,18512
6/25/2017,17159
6/26/2017,19696
6/27/2017,21604
6/28/2017,18243
6/29/2017,15600
6/30/2017,13651
7/1/2017,18676
7/2/2017,15892
7/3/2017,15774
7/4/2017,16667
7/5/2017,17003
7/6/2017,16381
7/7/2017,14854
7/8/2017,14572
7/9/2017,14550
7/10/2017,12659
7/11/2017,12462
7/12/2017,11248
7/13/2017,13257
7/14/2017,14331
7/15/2017,10920
7/16/2017,11004
7/17/2017,11325
7/18/2017,11734
7/19/2017,12736
7/20/2017,12575
7/21/2017,16057
7/22/2017,18411
7/23/2017,13833
7/24/2017,16071
7/25/2017,19726
7/26/2017,14195
7/27/2017,12552
7/28/2017,12296
7/29/2017,11369
7/30/2017,10800
7/31/2017,11975
8/1/2017,11731
8/2/2017,13731
8/3/2017,13298
8/4/2017,12304
8/5/2017,10411
8/6/2017,9203
8/7/2017,9791
8/8/2017,9517
8/9/2017,9672
8/10/2017,10322
8/11/2017,9274
8/12/2017,8527
8/13/2017,8871
8/14/2017,9208
8/15/2017,9428
8/16/2017,11946
8/17/2017,11831
8/18/2017,10588
8/19/2017,8526
8/20/2017,8937
8/21/2017,9405
8/22/2017,10730
8/23/2017,25443
8/24/2017,14995
8/25/2017,12020
8/26/2017,11146
8/27/2017,13533
8/28/2017,9909
8/29/2017,9419
8/30/2017,9785
8/31/2017,10447
9/1/2017,9347
9/2/2017,10436
9/3/2017,10606
9/4/2017,9314
9/5/2017,9834
9/6/2017,8135
9/7/2017,8821
9/8/2017,9131
9/9/2017,9228
9/10/2017,8630
9/11/2017,8408
9/12/2017,8974
9/13/2017,10369
9/14/2017,11580
9/15/2017,12865
9/16/2017,12096
9/17/2017,10511
9/18/2017,10473
9/19/2017,10184
9/20/2017,9780
9/21/2017,10134
9/22/2017,9403
9/23/2017,15613
9/24/2017,19425
9/25/2017,22062
9/26/2017,28529
9/27/2017,31932
9/28/2017,23371
9/29/2017,17070
9/30/2017,14300
10/1/2017,12005
10/2/2017,10766
10/3/2017,11902
10/4/2017,11718
10/5/2017,12315
10/6/2017,11600
10/7/2017,11520
10/8/2017,10069
10/9/2017,10146
10/10/2017,10474
10/11/2017,14726
10/12/2017,11837
10/13/2017,11491
10/14/2017,10655
10/15/2017,10287
10/16/2017,13282
10/17/2017,29538
10/18/2017,45266
10/19/2017,20971
10/20/2017,18936
10/21/2017,20589
10/22/2017,15266
10/23/2017,14723
10/24/2017,19692
10/25/2017,23723
10/26/2017,21920
10/27/2017,14977
10/28/2017,12087
10/29/2017,14631
10/30/2017,14057
10/31/2017,12987
11/1/2017,13019
11/2/2017,15438
11/3/2017,14649
11/4/2017,44190
11/5/2017,18272
11/6/2017,16347
11/7/2017,17024
11/8/2017,20296
11/9/2017,17435
11/10/2017,20247
11/11/2017,13985
11/12/2017,18022
11/13/2017,15225
11/14/2017,22928
11/15/2017,16653
11/16/2017,25249
11/17/2017,17842
11/18/2017,21746
11/19/2017,14693
11/20/2017,13898
11/21/2017,15836
11/22/2017,13614
11/23/2017,17122
11/24/2017,12167
11/25/2017,17880
11/26/2017,13787
11/27/2017,14190
11/28/2017,20703
11/29/2017,24067
11/30/2017,17072
12/1/2017,20878
12/2/2017,14673
12/3/2017,18667
12/4/2017,14773
12/5/2017,16854
12/6/2017,14871
12/7/2017,24042
12/8/2017,17314
12/9/2017,16734
12/10/2017,17117
12/11/2017,15200
12/12/2017,15136
12/13/2017,20753
12/14/2017,19259
12/15/2017,29080
12/16/2017,17706
12/17/2017,23827
12/18/2017,24202
12/19/2017,26718
12/20/2017,21935
12/21/2017,17091
12/22/2017,20678
12/23/2017,17345
12/24/2017,13866
12/25/2017,41805
12/26/2017,23275
12/27/2017,15911
12/28/2017,18505
12/29/2017,18106
12/30/2017,48771
12/31/2017,36222
1/1/2018,16954
1/2/2018,16293
1/3/2018,18741
1/4/2018,24061
1/5/2018,15162
1/6/2018,13819
1/7/2018,15740
1/8/2018,13163
1/9/2018,15842
1/10/2018,13717
1/11/2018,26330
1/12/2018,24999
1/13/2018,18579
1/14/2018,14264
1/15/2018,13541
1/16/2018,30804
1/17/2018,15700
1/18/2018,17102
1/19/2018,22905
1/20/2018,26486
1/21/2018,23918
1/22/2018,15197
1/23/2018,21347
1/24/2018,65484
1/25/2018,28012
1/26/2018,23310
1/27/2018,19810
1/28/2018,22233
1/29/2018,17043
1/30/2018,17684
1/31/2018,18991
2/1/2018,28039
2/2/2018,22859
2/3/2018,18083
2/4/2018,24355
2/5/2018,17722
2/6/2018,19677
2/7/2018,20590
2/8/2018,40199
2/9/2018,33886
2/10/2018,26906
2/11/2018,31000
2/12/2018,26434
2/13/2018,20798
2/14/2018,26185
2/15/2018,20128
2/16/2018,25039
2/17/2018,25569
2/18/2018,31060
2/19/2018,99426
2/20/2018,34656
2/21/2018,23762
2/22/2018,21789
2/23/2018,22394
2/24/2018,19925
2/25/2018,26270
2/26/2018,22789
2/27/2018,19739
2/28/2018,34278
3/1/2018,24474
3/2/2018,27858
3/3/2018,17687
3/4/2018,19147
3/5/2018,21095
3/6/2018,19591
3/7/2018,18814
3/8/2018,26513
3/9/2018,20775
3/10/2018,18186
3/11/2018,18061
3/12/2018,26571
3/13/2018,19096
3/14/2018,22002
3/15/2018,17496
3/16/2018,22632
3/17/2018,15245
3/18/2018,18548
3/19/2018,19594
3/20/2018,28085
3/21/2018,20012
3/22/2018,29508
3/23/2018,17857
3/24/2018,16881
3/25/2018,20195
3/26/2018,21944
3/27/2018,18454
3/28/2018,25268
3/29/2018,27408
3/30/2018,18711
3/31/2018,35096
4/1/2018,22687
4/2/2018,19889
4/3/2018,21200
4/4/2018,22098
4/5/2018,18804
4/6/2018,21632
4/7/2018,28423
4/8/2018,17955
4/9/2018,17795
4/10/2018,22730
4/11/2018,22004
4/12/2018,27672
4/13/2018,22228
4/14/2018,20405
4/15/2018,40686
4/16/2018,26620
4/17/2018,25726
4/18/2018,21018
4/19/2018,35613
4/20/2018,22937
4/21/2018,29915
4/22/2018,20812
4/23/2018,39234
4/24/2018,19783
4/25/2018,26033
4/26/2018,58754
4/27/2018,22102
4/28/2018,30915
4/29/2018,70024
4/30/2018,45577
5/1/2018,31318
5/2/2018,53167
5/3/2018,31383
5/4/2018,57264
5/5/2018,28143
5/6/2018,109442
5/7/2018,47791
5/8/2018,80028
5/9/2018,42707
5/10/2018,41219
5/11/2018,36298
5/12/2018,29846
5/13/2018,48511
5/14/2018,37339
5/15/2018,36458
5/16/2018,74500
5/17/2018,34441
5/18/2018,23541
5/19/2018,20175
5/20/2018,51270
5/21/2018,33125
5/22/2018,80606
5/23/2018,38443
5/24/2018,64591
5/25/2018,44139
5/26/2018,136539
5/27/2018,55654
5/28/2018,407561
5/29/2018,177975
5/30/2018,82426
5/31/2018,84087
6/1/2018,235920
6/2/2018,79396
6/3/2018,72925
6/4/2018,166010
6/5/2018,62126
6/6/2018,57926
6/7/2018,177318
6/8/2018,74294
6/9/2018,372953
6/10/2018,105001
6/11/2018,82501
6/12/2018,80266
6/13/2018,54335
6/14/2018,43937
6/15/2018,37043
6/16/2018,31302
6/17/2018,30122
6/18/2018,28142
6/19/2018,23677
6/20/2018,23813
6/21/2018,23576
6/22/2018,27190
6/23/2018,21520
6/24/2018,27136
6/25/2018,32310
6/26/2018,39287
6/27/2018,26781
6/28/2018,26333
6/29/2018,50297
6/30/2018,45394
7/1/2018,55269
7/2/2018,639147
7/3/2018,163152
7/4/2018,88640
7/5/2018,68418
7/6/2018,61114
7/7/2018,52249
7/8/2018,47584
7/9/2018,43429
7/10/2018,65230
7/11/2018,39064
7/12/2018,30484
7/13/2018,26914
7/14/2018,22816
7/15/2018,22184
7/16/2018,26051
7/17/2018,21822
7/18/2018,22993
7/19/2018,25296
7/20/2018,27008
7/21/2018,20950
7/22/2018,22610
7/23/2018,21922
7/24/2018,19220
7/25/2018,17498
7/26/2018,20706
7/27/2018,29590
7/28/2018,19750
7/29/2018,20874
7/30/2018,33508
7/31/2018,60281
8/1/2018,42382
8/2/2018,28069
8/3/2018,20063
8/4/2018,51025
8/5/2018,49760
8/6/2018,36031
8/7/2018,32057
8/8/2018,22211
8/9/2018,22596
8/10/2018,18658
8/11/2018,15968
8/12/2018,14363
8/13/2018,14897
8/14/2018,14333
8/15/2018,13701
8/16/2018,14835
8/17/2018,13996
8/18/2018,12374
8/19/2018,12930
8/20/2018,12393
8/21/2018,11916
8/22/2018,12304
8/23/2018,12859
8/24/2018,13579
8/25/2018,11137
8/26/2018,10648
8/27/2018,12154
8/28/2018,12841
8/29/2018,13734
8/30/2018,16582
8/31/2018,14977
9/1/2018,11720
9/2/2018,11385
9/3/2018,12043
9/4/2018,11697
9/5/2018,13027
9/6/2018,13948
9/7/2018,16493
9/8/2018,13966
9/9/2018,13106
9/10/2018,11675
9/11/2018,11785
9/12/2018,15525
9/13/2018,14092
9/14/2018,14091
9/15/2018,17825
9/16/2018,16123
9/17/2018,18192
9/18/2018,14090
9/19/2018,15726
9/20/2018,17897
9/21/2018,17237
9/22/2018,14350
9/23/2018,15098
9/24/2018,18223
9/25/2018,26947
9/26/2018,19262
9/27/2018,17562
9/28/2018,16268
9/29/2018,15475
9/30/2018,16716
10/1/2018,27039
10/2/2018,15470
10/3/2018,22382
10/4/2018,17206
10/5/2018,16992
10/6/2018,16459
10/7/2018,15306
10/8/2018,13281
10/9/2018,14931
10/10/2018,14768
10/11/2018,26076
10/12/2018,16166
10/13/2018,20802
10/14/2018,19576
10/15/2018,18289
10/16/2018,23326
10/17/2018,25990
10/18/2018,32160
10/19/2018,56062
10/20/2018,29801
10/21/2018,67505
10/22/2018,25450
10/23/2018,31247
10/24/2018,20172
10/25/2018,26025
10/26/2018,30936
10/27/2018,18200
10/28/2018,36871
10/29/2018,25847
10/30/2018,28114
10/31/2018,18691
11/1/2018,24830
11/2/2018,20162
11/3/2018,19398
11/4/2018,21343
11/5/2018,21373
11/6/2018,17670
11/7/2018,21356
11/8/2018,27679
11/9/2018,19668
11/10/2018,17912
11/11/2018,20754
11/12/2018,24718
11/13/2018,20786
11/14/2018,25435
11/15/2018,62833
11/16/2018,32788
11/17/2018,24149
11/18/2018,21867
11/19/2018,34153
11/20/2018,26236
11/21/2018,27377
11/22/2018,62911
11/23/2018,21656
11/24/2018,24480
11/25/2018,21164
11/26/2018,18641
11/27/2018,17124
11/28/2018,23986
11/29/2018,22336
11/30/2018,22309
12/1/2018,20336
12/2/2018,19564
12/3/2018,21007
12/4/2018,19802
12/5/2018,25769
12/6/2018,30293
12/7/2018,20127
12/8/2018,20114
12/9/2018,20468
12/10/2018,20028
12/11/2018,47146
12/12/2018,25628
12/13/2018,21415
12/14/2018,20659
12/15/2018,16078
12/16/2018,19357
12/17/2018,16123
12/18/2018,16647
12/19/2018,24877
12/20/2018,20624
12/21/2018,17926
12/22/2018,29142
12/23/2018,19757
12/24/2018,19504
12/25/2018,37998
12/26/2018,64634
12/27/2018,26699
12/28/2018,22028
12/29/2018,21788
12/30/2018,47522
12/31/2018,46341
1/1/2019,24334
1/2/2019,21061
1/3/2019,22498
1/4/2019,21294
1/5/2019,20372
1/6/2019,19231
1/7/2019,15664
1/8/2019,16094
1/9/2019,16828
1/10/2019,18345
1/11/2019,16287
1/12/2019,19055
1/13/2019,18755
1/14/2019,16910
1/15/2019,15949
1/16/2019,16264
1/17/2019,19544
1/18/2019,18103
1/19/2019,17032
1/20/2019,21069
1/21/2019,16434
1/22/2019,19769
1/23/2019,14843
1/24/2019,17181
1/25/2019,24247
1/26/2019,17151
1/27/2019,17996
1/28/2019,21421
1/29/2019,21375
1/30/2019,20675
1/31/2019,20005
2/1/2019,27731
2/2/2019,21540
2/3/2019,29357
2/4/2019,23904
2/5/2019,22052
2/6/2019,34264
2/7/2019,26306
2/8/2019,33113
2/9/2019,24748
2/10/2019,34971
2/11/2019,24272
2/12/2019,21533
2/13/2019,25826
2/14/2019,22539
2/15/2019,21190
2/16/2019,20611
2/17/2019,25633
2/18/2019,57110
2/19/2019,26288
2/20/2019,21823
2/21/2019,28352
2/22/2019,35338
2/23/2019,21087
2/24/2019,23367
2/25/2019,18593
2/26/2019,29235
2/27/2019,21630
2/28/2019,25961
3/1/2019,22345
3/2/2019,26118
3/3/2019,26993
3/4/2019,22041
3/5/2019,32389
3/6/2019,25210
3/7/2019,91271
3/8/2019,38714
3/9/2019,26281
3/10/2019,30730
3/11/2019,20129
3/12/2019,17282
3/13/2019,19103
3/14/2019,18116
3/15/2019,23229
3/16/2019,20087
3/17/2019,23107
3/18/2019,20615
3/19/2019,21292
3/20/2019,18441
3/21/2019,16803
3/22/2019,16843
3/23/2019,30647
3/24/2019,23211
3/25/2019,19468
3/26/2019,16193
3/27/2019,22931
3/28/2019,18459
3/29/2019,16672
3/30/2019,21941
3/31/2019,23556
4/1/2019,18177
4/2/2019,16191
4/3/2019,15878
4/4/2019,15083
4/5/2019,16970
4/6/2019,15865
4/7/2019,15069
4/8/2019,15943
4/9/2019,18483
4/10/2019,32571
4/11/2019,34055
4/12/2019,20531
4/13/2019,19872
4/14/2019,21278
4/15/2019,19195
4/16/2019,18011
4/17/2019,15067
4/18/2019,13277
4/19/2019,14562
4/20/2019,13801
4/21/2019,16216
4/22/2019,14059
4/23/2019,13644
4/24/2019,14360
4/25/2019,14455
4/26/2019,11097
4/27/2019,13918
4/28/2019,16760
4/29/2019,12244
4/30/2019,12997
5/1/2019,14665
5/2/2019,13392
5/3/2019,14387
5/4/2019,14414
5/5/2019,18673
5/6/2019,15436
5/7/2019,19769
5/8/2019,15827
5/9/2019,20240
5/10/2019,16964
5/11/2019,20934
5/12/2019,19039
5/13/2019,21927
5/14/2019,18864
5/15/2019,25941
5/16/2019,17971
5/17/2019,18256
5/18/2019,18589
5/19/2019,18392
5/20/2019,17278
5/21/2019,24709
5/22/2019,20822
5/23/2019,27949
5/24/2019,27555
5/25/2019,17130
5/26/2019,28991
5/27/2019,26209
5/28/2019,28227
5/29/2019,29951
5/30/2019,30357
5/31/2019,33953
6/1/2019,18082
6/2/2019,17873
6/3/2019,24588
6/4/2019,15279
6/5/2019,16293
6/6/2019,28433
6/7/2019,18575
6/8/2019,32280
6/9/2019,20081
6/10/2019,23484
6/11/2019,37482
6/12/2019,21217
6/13/2019,21064
6/14/2019,67880
6/15/2019,40280
6/16/2019,59541
6/17/2019,40900
6/18/2019,32172
6/19/2019,28148
6/20/2019,28398
6/21/2019,33768
6/22/2019,21745
6/23/2019,20318
6/24/2019,19240
6/25/2019,26881
6/26/2019,22068
6/27/2019,29874
6/28/2019,35538
6/29/2019,24579
6/30/2019,24463
7/1/2019,31960
7/2/2019,27404
7/3/2019,26602
7/4/2019,21912
7/5/2019,22026
7/6/2019,39227
7/7/2019,32390
7/8/2019,38089
7/9/2019,29905
7/10/2019,27245
7/11/2019,24027
7/12/2019,26014
7/13/2019,21022
7/14/2019,19450
7/15/2019,17346
7/16/2019,18927
7/17/2019,22338
7/18/2019,17692
7/19/2019,17407
7/20/2019,18584
7/21/2019,15258
7/22/2019,14947
7/23/2019,14253
7/24/2019,15486
7/25/2019,16343
7/26/2019,13935
7/27/2019,12528
7/28/2019,18567
7/29/2019,15668
7/30/2019,16153
7/31/2019,14253
8/1/2019,12435
8/2/2019,14500
8/3/2019,12847
8/4/2019,12120
8/5/2019,11208
8/6/2019,12252
8/7/2019,16099
8/8/2019,11727
8/9/2019,10616
8/10/2019,10125
8/11/2019,9792
8/12/2019,10189
8/13/2019,10858
8/14/2019,11446
8/15/2019,11156
8/16/2019,10920
8/17/2019,9604
8/18/2019,9396
8/19/2019,9362
8/20/2019,9246
8/21/2019,9630
8/22/2019,9507
8/23/2019,9696
8/24/2019,11613
8/25/2019,11153
8/26/2019,10437
8/27/2019,12106
8/28/2019,12310
8/29/2019,10938
8/30/2019,9888
8/31/2019,10418
9/1/2019,10297
9/2/2019,10380
9/3/2019,10141
9/4/2019,9778
9/5/2019,9742
9/6/2019,10192
9/7/2019,9682
9/8/2019,9789
9/9/2019,10372
9/10/2019,10137
9/11/2019,11269
9/12/2019,12062
9/13/2019,10703
9/14/2019,9486
9/15/2019,10491
9/16/2019,9793
9/17/2019,9686
9/18/2019,10222
9/19/2019,10508
9/20/2019,9071
9/21/2019,8509
9/22/2019,8609
9/23/2019,10882
9/24/2019,10689
9/25/2019,9790
9/26/2019,14471
9/27/2019,14669
9/28/2019,15765
9/29/2019,13054
9/30/2019,12244
10/1/2019,12646
10/2/2019,11360
10/3/2019,10707
10/4/2019,10347
10/5/2019,9264
10/6/2019,14431
10/7/2019,11579
10/8/2019,11292
10/9/2019,10508
10/10/2019,11247
10/11/2019,10572
10/12/2019,11360
10/13/2019,9573
10/14/2019,9419
10/15/2019,31689
10/16/2019,49812
10/17/2019,31149
10/18/2019,18549
10/19/2019,15413
10/20/2019,12432
10/21/2019,14196
10/22/2019,19301
10/23/2019,32598
10/24/2019,18139
10/25/2019,15745
10/26/2019,19903
10/27/2019,13640
10/28/2019,18863
10/29/2019,16451
10/30/2019,18576
10/31/2019,13649
11/1/2019,11933
11/2/2019,30535
11/3/2019,14309
11/4/2019,17831
11/5/2019,13948
11/6/2019,24701
11/7/2019,16923
11/8/2019,14811
11/9/2019,20569
11/10/2019,13101
11/11/2019,14743
11/12/2019,13302
11/13/2019,14843
11/14/2019,20528
11/15/2019,16007
11/16/2019,28145
11/17/2019,16897
11/18/2019,23657
11/19/2019,17839
11/20/2019,25093
11/21/2019,19173
11/22/2019,16489
11/23/2019,21595
11/24/2019,19167
11/25/2019,16113
11/26/2019,20019
11/27/2019,15082
11/28/2019,28540
11/29/2019,16905
11/30/2019,19829
12/1/2019,17536
12/2/2019,15090
12/3/2019,14403
12/4/2019,16624
12/5/2019,18656
12/6/2019,15131
12/7/2019,21734
12/8/2019,15863
12/9/2019,18165
12/10/2019,15086
12/11/2019,14907
12/12/2019,18474
12/13/2019,15716
12/14/2019,25578
12/15/2019,38658
12/16/2019,34694
12/17/2019,21693
12/18/2019,20537
12/19/2019,22102
12/20/2019,24007
12/21/2019,14640
12/22/2019,14393
12/23/2019,13316
12/24/2019,13320
12/25/2019,20522
12/26/2019,43212
12/27/2019,17285
12/28/2019,15020
12/29/2019,19724
12/30/2019,41115
12/31/2019,29109
1/1/2020,20054
1/2/2020,21428
1/3/2020,16570
1/4/2020,22893
1/5/2020,17559
1/6/2020,16357
1/7/2020,14970
1/8/2020,16488
1/9/2020,14153
1/10/2020,13691
1/11/2020,22955
1/12/2020,14245
1/13/2020,12153
1/14/2020,16411
1/15/2020,13285
1/16/2020,15363
1/17/2020,12541
1/18/2020,12616
1/19/2020,20571
1/20/2020,14088
1/21/2020,26032
1/22/2020,16961
1/23/2020,26310
1/24/2020,35721
1/25/2020,22030
1/26/2020,152762
1/27/2020,231247
1/28/2020,153790
1/29/2020,92778
1/30/2020,64012
1/31/2020,56542
2/1/2020,144467
2/2/2020,65560
2/3/2020,37997
2/4/2020,36618
2/5/2020,44547
2/6/2020,34067
2/7/2020,36643
2/8/2020,30214
2/9/2020,35026
2/10/2020,23534
2/11/2020,24832
2/12/2020,23362
2/13/2020,30217
2/14/2020,23254
2/15/2020,22437
2/16/2020,25890
2/17/2020,50959
2/18/2020,23509
2/19/2020,21213
2/20/2020,18991
2/21/2020,18017
2/22/2020,19408
2/23/2020,27052
2/24/2020,27821
2/25/2020,24717
2/26/2020,30785
2/27/2020,22878
2/28/2020,19517
2/29/2020,18272
3/1/2020,21272
3/2/2020,35977
3/3/2020,19298
3/4/2020,20811
3/5/2020,19378
3/6/2020,25238
3/7/2020,38357
3/8/2020,33038
3/9/2020,29943
3/10/2020,22598
3/11/2020,19589
3/12/2020,14906
3/13/2020,11438
3/14/2020,13534
3/15/2020,15262
3/16/2020,12558
3/17/2020,12698
3/18/2020,13967
3/19/2020,12848
3/20/2020,15975
3/21/2020,18147
3/22/2020,22067
3/23/2020,17885
3/24/2020,17665
3/25/2020,15935
3/26/2020,16046
3/27/2020,16402
3/28/2020,17619
3/29/2020,16713
3/30/2020,16034
3/31/2020,16224
4/1/2020,15179
4/2/2020,18043
4/3/2020,16833
4/4/2020,17073
4/5/2020,18406
4/6/2020,16770
4/7/2020,14519
4/8/2020,14419
4/9/2020,21269
4/10/2020,16057
4/11/2020,16730
4/12/2020,16570
4/13/2020,14899
4/14/2020,14284
4/15/2020,16166
4/16/2020,16627
4/17/2020,15734
4/18/2020,15695
4/19/2020,19035
4/20/2020,45417
4/21/2020,34603
4/22/2020,28042
4/23/2020,25723
4/24/2020,21916
4/25/2020,21895
4/26/2020,26555
4/27/2020,42844
4/28/2020,36673
4/29/2020,30647
4/30/2020,32912
5/1/2020,29901
5/2/2020,25381
5/3/2020,29995
5/4/2020,46997
5/5/2020,37338
5/6/2020,33063
5/7/2020,30695
5/8/2020,26280
5/9/2020,27399
5/10/2020,33192
5/11/2020,43671
5/12/2020,39118
5/13/2020,39696
5/14/2020,37892
5/15/2020,32637
5/16/2020,33221
5/17/2020,44528
5/18/2020,74058
5/19/2020,72390
5/20/2020,58356
5/21/2020,53104
5/22/2020,45930
5/23/2020,44081
5/24/2020,43468
5/25/2020,39380
5/26/2020,35383
5/27/2020,33367
5/28/2020,29561
5/29/2020,26127
5/30/2020,25746
5/31/2020,26119
6/1/2020,22167
6/2/2020,19629
6/3/2020,20311
6/4/2020,22906
6/5/2020,20484
6/6/2020,20718
6/7/2020,21983
6/8/2020,19613
6/9/2020,19581
6/10/2020,20537
6/11/2020,19072
6/12/2020,19144
6/13/2020,21377
6/14/2020,19767
6/15/2020,17671
6/16/2020,16287
6/17/2020,15422
6/18/2020,15099
6/19/2020,14737
6/20/2020,14971
6/21/2020,17544
6/22/2020,16574
6/23/2020,14817
6/24/2020,14229
6/25/2020,15265
6/26/2020,16592
6/27/2020,15619
6/28/2020,17360
6/29/2020,19633
6/30/2020,15983
7/1/2020,14142
7/2/2020,16521
7/3/2020,14604
7/4/2020,15967
7/5/2020,13859
7/6/2020,13184
7/7/2020,13862
7/8/2020,16604
7/9/2020,15275
7/10/2020,15000
7/11/2020,14740
7/12/2020,15168
7/13/2020,13453
7/14/2020,13390
7/15/2020,12539
7/16/2020,11445
7/17/2020,11339
7/18/2020,12090
7/19/2020,16357
7/20/2020,16687
7/21/2020,18923
7/22/2020,16829
7/23/2020,17324
7/24/2020,20729
7/25/2020,18096
7/26/2020,19118
7/27/2020,16618
7/28/2020,16463
7/29/2020,17535
7/30/2020,17904
7/31/2020,38293
8/1/2020,20887
8/2/2020,24425
8/3/2020,17030
8/4/2020,22158
8/5/2020,18717
8/6/2020,20446
8/7/2020,16927
8/8/2020,15767
8/9/2020,18228
8/10/2020,15313
8/11/2020,18813
8/12/2020,15269
8/13/2020,16164
8/14/2020,18600
8/15/2020,17943
8/16/2020,19362
8/17/2020,18679
8/18/2020,21005
8/19/2020,40631
8/20/2020,20777
8/21/2020,31293
8/22/2020,18913
8/23/2020,43550
8/24/2020,24756
8/25/2020,39023
8/26/2020,24616
8/27/2020,28375
8/28/2020,23116
8/29/2020,20386
8/30/2020,42484
8/31/2020,22904
9/1/2020,21023
9/2/2020,18556
9/3/2020,24535
9/4/2020,20349
9/5/2020,33843
9/6/2020,21223
9/7/2020,44090
9/8/2020,22924
9/9/2020,54076
9/10/2020,28231
9/11/2020,30638
9/12/2020,25710
9/13/2020,48948
9/14/2020,24146
9/15/2020,23764
9/16/2020,51341
9/17/2020,41869
9/18/2020,43338
9/19/2020,72662
9/20/2020,37124
9/21/2020,42351
9/22/2020,27497
9/23/2020,33409
9/24/2020,28524
9/25/2020,46127
9/26/2020,26525
9/27/2020,136525
9/28/2020,84316
9/29/2020,47170
9/30/2020,50924
10/1/2020,113166
10/2/2020,38730
10/3/2020,89015
10/4/2020,39723
10/5/2020,49335
10/6/2020,30671
10/7/2020,98747
10/8/2020,43822
10/9/2020,47809
10/10/2020,104984
10/11/2020,39834
10/12/2020,677464
10/13/2020,155475
10/14/2020,84379
10/15/2020,62435
10/16/2020,45959
10/17/2020,36620
10/18/2020,33001
10/19/2020,29275
10/20/2020,26211
10/21/2020,24005
10/22/2020,23238
10/23/2020,20762
10/24/2020,19010
10/25/2020,18412
10/26/2020,18386
10/27/2020,18353
10/28/2020,18824
10/29/2020,20096
10/30/2020,17540
10/31/2020,15331
11/1/2020,14620
11/2/2020,16566
